Year,state,Totals,Population,Totals per 1000,Pres Election,Sitting President,Mass Shooting,MSpM,Real GDP,GDP per capita,Urban
2020,Alabama,1085475,5024279,216.05,0,0,0,0,196906.1,39191,59
2020,Alaska,98952,733391,134.92,0,0,0,0,50161,68396,66
2020,Arizona,665458,7151502,93.05,1,0,0,0,320550.6,44823,89.8
2020,Arkansas,324741,3011524,107.83,0,0,0,0,114943.5,38168,56.2
2020,California,1601054,39538223,40.49,1,0,0,0,2663665.9,67369,95
2020,Colorado,680507,5773714,117.86,1,0,0,0,346011.3,59929,86.2
2020,Connecticut,219227,3605944,60.8,1,0,0,0,235888.6,65417,88
2020,Delaware,77057,989948,77.84,1,0,0,0,62056.2,62686,83.3
2020,District of Columbia,11485,689545,16.66,1,0,0,0,122342.1,177424,100
2020,Florida,1912204,21538187,88.78,0,0,0,0,944000.8,43829,91.2
2020,Georgia,904035,10711908,84.4,1,0,0,0,536693,50102,75.1
2020,Hawaii,20102,1455271,13.81,1,0,0,0,70625.2,48531,91.9
2020,Idaho,281284,1839106,152.95,0,0,0,0,73655.4,40050,70.6
2020,Illinois,7455065,12812508,581.86,1,0,0,0,737643.6,57572,88.5
2020,Indiana,1935587,6785528,285.25,0,0,0,0,329863.3,48613,72.4
2020,Iowa,270614,3190369,84.82,0,0,0,0,169420.3,53104,64
2020,Kansas,249589,2937880,84.96,0,0,0,0,156770.1,53362,74.2
2020,Kentucky,3330462,4505836,739.14,0,0,0,0,185535.1,41177,58.4
2020,Louisiana,430537,4657757,92.43,0,0,0,0,222296.8,47726,73.2
2020,Maine,137149,1362359,100.67,1,0,0,0,58757.3,43129,38.7
2020,Maryland,302563,6177224,48.98,1,0,0,0,353052.5,57154,87.2
2020,Massachusetts,262583,7029917,37.35,1,0,0,0,498577,70922,92
2020,Michigan,1068511,10077331,106.03,1,0,0,0,445682.6,44226,74.6
2020,Minnesota,958391,5706494,167.95,1,0,0,0,326635.6,57239,73.3
2020,Mississippi,366829,2961279,123.88,0,0,0,0,99667.5,33657,49.4
2020,Missouri,708184,6154913,115.06,0,0,1,0.162471833,282654.2,45923,70.4
2020,Montana,172695,1084225,159.28,0,0,0,0,46158.1,42572,55.9
2020,Nebraska,104511,1961504,53.28,0,0,0,0,117664.9,59987,73.1
2020,Nevada,219349,3104614,70.65,1,0,0,0,145219.1,46775,94.2
2020,New Hampshire,174662,1377529,126.79,1,0,0,0,75543.1,54840,60.3
2020,New Jersey,177901,9288994,19.15,1,0,0,0,535794.9,57681,94.7
2020,New Mexico,206252,2117522,97.4,1,0,0,0,92696.5,43776,77.4
2020,New York,507940,20201249,25.14,1,0,0,0,1420141,70300,87.9
2020,North Carolina,890284,10439388,85.28,0,0,0,0,499517.5,47849,66.1
2020,North Dakota,85465,779094,109.7,0,0,0,0,54581.1,70057,59.9
2020,Ohio,976751,11799448,82.78,0,0,0,0,589897.7,49994,77.9
2020,Oklahoma,470286,3959353,118.78,0,0,0,0,190893.8,48213,66.2
2020,Oregon,516096,4237256,121.8,1,0,0,0,212849.7,50233,81
2020,Pennsylvania,1452921,13002700,111.74,1,0,0,0,683773.9,52587,78.7
2020,Rhode Island,51369,1097379,46.81,1,0,0,0,51415.1,46853,90.7
2020,South Carolina,530930,5118425,103.73,0,0,0,0,208480.5,40731,66.3
2020,South Dakota,115448,886667,130.2,0,0,0,0,46682.7,52650,56.7
2020,Tennessee,984760,6910840,142.49,0,0,0,0,316325.3,45772,66.4
2020,Texas,2325281,29145505,79.78,0,0,0,0,1734321.1,59506,84.7
2020,Utah,1216773,3271616,371.92,0,0,0,0,171370.1,52381,90.6
2020,Vermont,57965,643077,90.14,1,0,0,0,28648.5,44549,38.9
2020,Virginia,823513,8631393,95.41,1,0,0,0,473817.5,54895,75.5
2020,Washington,781471,7705281,101.42,1,0,0,0,532861.9,69155,84.1
2020,West Virginia,265705,1793716,148.13,0,0,0,0,69711.6,38864,48.7
2020,Wisconsin,731618,5893718,124.14,1,0,1,0.169672183,291715.8,49496,70.2
2020,Wyoming,91384,576851,158.42,0,0,0,0,36256.7,62853,64.8
2019,Alabama,690084,4903185,140.74,0,0,0,0,203383.9,41480,59
2019,Alaska,76923,731545,105.15,0,0,0,0,53336.5,72909,66
2019,Arizona,372912,7278717,51.23,0,0,0,0,323894.3,44499,89.8
2019,Arkansas,221344,3017804,73.35,0,0,0,0,116790.9,38701,56.2
2019,California,1240632,39512223,31.4,1,0,0,0,2739343.4,69329,95
2019,Colorado,469535,5758736,81.53,1,0,0,0,356773.6,61953,86.2
2019,Connecticut,172935,3565287,48.51,1,0,0,0,251495.1,70540,88
2019,Delaware,46427,973764,47.68,1,0,0,0,64262.4,65994,83.3
2019,District of Columbia,5926,705749,8.4,1,0,0,0,124990.3,177103,100
2019,Florida,1195539,21477737,55.66,0,0,1,0.04655984,971619.2,45238,91.2
2019,Georgia,539113,10617423,50.78,0,0,0,0,558277.3,52581,75.1
2019,Hawaii,12666,1415872,8.95,1,0,0,0,79175.4,55920,91.9
2019,Idaho,209275,1787065,117.11,0,0,0,0,73912,41359,70.6
2019,Illinois,4949570,12671821,390.6,1,0,1,0.078915256,777653.8,61369,88.5
2019,Indiana,1450565,6732219,215.47,0,0,0,0,338350.1,50258,72.4
2019,Iowa,182802,3155070,57.94,0,0,0,0,172906,54803,64
2019,Kansas,167010,2913314,57.33,0,0,0,0,160182.3,54983,74.2
2019,Kentucky,4120892,4467673,922.38,0,0,0,0,191355.5,42831,58.4
2019,Louisiana,282264,4648794,60.72,0,0,0,0,235947.6,50755,73.2
2019,Maine,90626,1344212,67.42,1,0,0,0,59433.9,44215,38.7
2019,Maryland,148813,6045680,24.61,1,0,0,0,369623.9,61139,87.2
2019,Massachusetts,212316,6892503,30.8,1,0,0,0,517727.1,75115,92
2019,Michigan,492171,9986857,49.28,0,0,0,0,467300.2,46792,74.6
2019,Minnesota,682356,5639632,120.99,1,0,0,0,340130.4,60311,73.3
2019,Mississippi,238388,2976149,80.1,0,0,0,0,101525.1,34113,49.4
2019,Missouri,497858,6137428,81.12,0,0,0,0,290842,47388,70.4
2019,Montana,115823,1068778,108.37,0,0,0,0,46788,43777,55.9
2019,Nebraska,68236,1934408,35.27,0,0,0,0,118286.5,61149,73.1
2019,Nevada,128312,3080156,41.66,1,0,0,0,156828.8,50916,94.2
2019,New Hampshire,112173,1359711,82.5,1,0,0,0,77126.5,56723,60.3
2019,New Jersey,91257,8882190,10.27,1,0,2,0.225169694,561842.8,63255,94.7
2019,New Mexico,156829,2096829,74.79,1,0,0,0,94872.3,45246,77.4
2019,New York,355374,19453561,18.27,1,0,0,0,1494736.4,76836,87.9
2019,North Carolina,530365,10488084,50.57,0,0,0,0,514624.9,49068,66.1
2019,North Dakota,60389,762062,79.24,0,0,0,0,56247,73809,59.9
2019,Ohio,638495,11689100,54.62,0,0,1,0.085549786,611145.8,52283,77.9
2019,Oklahoma,360043,3956971,90.99,0,0,0,0,200710.9,50723,66.2
2019,Oregon,357700,4217737,84.81,1,0,0,0,219458.2,52032,81
2019,Pennsylvania,987886,12801989,77.17,0,0,0,0,716173.4,55942,78.7
2019,Rhode Island,24338,1059361,22.97,1,0,0,0,53225,50243,90.7
2019,South Carolina,328221,5148714,63.75,0,0,0,0,212482.8,41269,66.3
2019,South Dakota,85426,884659,96.56,0,0,0,0,46641,52722,56.7
2019,Tennessee,635313,6829174,93.03,0,0,0,0,329111.6,48192,66.4
2019,Texas,1487212,28995881,51.29,0,0,2,0.068975314,1785317.9,61571,84.7
2019,Utah,823270,3205958,256.79,0,0,0,0,171134.7,53380,90.6
2019,Vermont,35843,623989,57.44,1,0,0,0,29902.8,47922,38.9
2019,Virginia,512766,8535519,60.07,1,0,1,0.117157492,487251.6,57085,75.5
2019,Washington,607170,7614893,79.73,1,0,0,0,535980.5,70386,84.1
2019,West Virginia,206196,1792147,115.06,0,0,0,0,72542.9,40478,48.7
2019,Wisconsin,435685,5822434,74.83,0,0,0,0,303891.2,52193,70.2
2019,Wyoming,61291,578759,105.9,0,0,0,0,38628.4,66743,64.8
2018,Alabama,474294,4887681,97.04,0,0,0,0,200800.9,41083,59
2018,Alaska,78761,735139,107.14,0,0,0,0,53249.6,72435,66
2018,Arizona,377838,7158024,52.79,0,0,0,0,313618.7,43814,89.8
2018,Arkansas,248439,3009733,82.55,0,0,0,0,115937.6,38521,56.2
2018,California,1297132,39461588,32.87,1,0,2,0.050682198,2643576.3,66991,95
2018,Colorado,524770,5691287,92.21,1,0,0,0,342535.9,60186,86.2
2018,Connecticut,177690,3571520,49.75,1,0,0,0,249998.1,69998,88
2018,Delaware,47723,965479,49.43,1,0,0,0,61735.1,63942,83.3
2018,District of Columbia,3244,701547,4.62,1,0,0,0,123836.1,176519,100
2018,Florida,1203145,21244317,56.63,0,0,1,0.047071412,943463.4,44410,91.2
2018,Georgia,549532,10511131,52.28,0,0,0,0,539300.3,51308,75.1
2018,Hawaii,14088,1420593,9.92,1,0,0,0,79854.7,56212,91.9
2018,Idaho,207320,1750536,118.43,0,0,0,0,71075.4,40602,70.6
2018,Illinois,2831447,12723071,222.54,1,0,0,0,774065,60839,88.5
2018,Indiana,896148,6695497,133.84,0,0,0,0,337149.6,50355,72.4
2018,Iowa,189159,3148618,60.08,0,0,0,0,172929.4,54922,64
2018,Kansas,172047,2911359,59.1,0,0,0,0,158906.3,54581,74.2
2018,Kentucky,4912441,4461153,1101.16,0,0,0,0,188083.6,42160,58.4
2018,Louisiana,307192,4659690,65.93,0,0,0,0,236265.6,50704,73.2
2018,Maine,93360,1339057,69.72,1,0,0,0,58178.8,43448,38.7
2018,Maryland,151470,6035802,25.1,1,0,1,0.165678066,368643.9,61076,87.2
2018,Massachusetts,211295,6882635,30.7,1,0,0,0,502954.3,73076,92
2018,Michigan,489957,9984072,49.07,0,0,1,0.100159534,467830.4,46858,74.6
2018,Minnesota,604078,5606249,107.75,1,0,0,0,338524.5,60383,73.3
2018,Mississippi,247278,2981020,82.95,0,0,0,0,101131.5,33925,49.4
2018,Missouri,496184,6121623,81.05,0,0,0,0,285995.1,46719,70.4
2018,Montana,117607,1060665,110.88,0,0,0,0,46614.1,43948,55.9
2018,Nebraska,74477,1925614,38.68,0,0,0,0,116904.4,60710,73.1
2018,Nevada,127434,3027341,42.09,1,0,0,0,150711.6,49783,94.2
2018,New Hampshire,120889,1353465,89.32,1,0,0,0,75534.6,55808,60.3
2018,New Jersey,93124,8886025,10.48,1,0,0,0,550064.5,61902,94.7
2018,New Mexico,156853,2092741,74.95,1,0,0,0,90999.4,43483,77.4
2018,New York,358614,19530351,18.36,1,0,0,0,1457995.8,74653,87.9
2018,North Carolina,529916,10381615,51.04,0,0,0,0,504049.5,48552,66.1
2018,North Dakota,62334,758080,82.23,0,0,0,0,55884,73718,59.9
2018,Ohio,717475,11676341,61.45,0,0,0,0,598917.1,51293,77.9
2018,Oklahoma,332291,3940235,84.33,0,0,0,0,197358.3,50088,66.2
2018,Oregon,359682,4181886,86.01,1,0,0,0,215208.8,51462,81
2018,Pennsylvania,1021943,12800922,79.83,0,0,1,0.078119373,703946,54992,78.7
2018,Rhode Island,25030,1058287,23.65,1,0,0,0,52493.8,49603,90.7
2018,South Carolina,280749,5084156,55.22,0,0,0,0,207772.7,40867,66.3
2018,South Dakota,90693,878698,103.21,0,0,0,0,46454.1,52867,56.7
2018,Tennessee,694101,6771631,102.5,0,0,1,0.14767491,322648.5,47647,66.4
2018,Texas,1571632,28628666,54.9,0,0,1,0.034930024,1729286.6,60404,84.7
2018,Utah,295858,3153550,93.82,0,0,0,0,163327,51791,90.6
2018,Vermont,41550,624358,66.55,1,0,0,0,29616.4,47435,38.9
2018,Virginia,476760,8501286,56.08,1,0,0,0,477819.8,56206,75.5
2018,Washington,627301,7523869,83.37,1,0,0,0,515629.9,68533,84.1
2018,West Virginia,241678,1804291,133.95,0,0,0,0,73114.2,40522,48.7
2018,Wisconsin,452520,5807406,77.92,0,0,0,0,299416,51558,70.2
2018,Wyoming,60150,577601,104.14,0,0,0,0,37987.9,65768,64.8
2017,Alabama,477345,4874486,97.93,0,0,0,0,197566.6,40531,59
2017,Alaska,80839,739700,109.29,0,0,0,0,54129.5,73178,66
2017,Arizona,384930,7044008,54.65,0,0,0,0,302455.4,42938,89.8
2017,Arkansas,237629,3001345,79.17,0,0,0,0,113885.2,37945,56.2
2017,California,1570110,39358497,39.89,1,0,1,0.025407474,2541769.3,64580,95
2017,Colorado,496995,5611885,88.56,1,0,0,0,329960.6,58797,86.2
2017,Connecticut,181779,3573297,50.87,1,0,0,0,247358.5,69224,88
2017,Delaware,50639,956823,52.92,1,0,0,0,60801.2,63545,83.3
2017,District of Columbia,1540,694906,2.22,1,0,0,0,120898.9,173979,100
2017,Florida,1276549,20963613,60.89,0,0,2,0.095403402,912966.2,43550,91.2
2017,Georgia,541655,10410330,52.03,0,0,0,0,524874.7,50419,75.1
2017,Hawaii,12742,1424393,8.95,1,0,0,0,78941.6,55421,91.9
2017,Idaho,182099,1717715,106.01,0,0,0,0,66980.5,38994,70.6
2017,Illinois,1601087,12778828,125.29,1,0,0,0,755594.7,59129,88.5
2017,Indiana,830357,6658078,124.71,0,0,0,0,325841.7,48939,72.4
2017,Iowa,160981,3141550,51.24,0,0,0,0,170182.7,54172,64
2017,Kansas,191451,2908718,65.82,0,0,0,0,155407.9,53428,74.2
2017,Kentucky,4641480,4452268,1042.5,0,0,0,0,185866.5,41746,58.4
2017,Louisiana,329201,4670560,70.48,0,0,0,0,233774.4,50053,73.2
2017,Maine,96590,1334612,72.37,1,0,0,0,56662.6,42456,38.7
2017,Maryland,158659,6023868,26.34,1,0,0,0,366680.5,60871,87.2
2017,Massachusetts,206492,6859789,30.1,1,0,0,0,484413.8,70616,92
2017,Michigan,513243,9973114,51.46,0,0,0,0,457764.9,45900,74.6
2017,Minnesota,683544,5566230,122.8,1,0,0,0,328696.1,59052,73.3
2017,Mississippi,251852,2988510,84.27,0,0,1,0.334614908,101642.1,34011,49.4
2017,Missouri,524973,6106670,85.97,0,0,0,0,282174.2,46208,70.4
2017,Montana,123938,1052482,117.76,0,0,0,0,45910.5,43621,55.9
2017,Nebraska,74318,1915947,38.79,0,0,0,0,114480.9,59752,73.1
2017,Nevada,129622,2969905,43.65,1,0,1,0.336711107,145699.9,49059,94.2
2017,New Hampshire,129090,1348787,95.71,1,0,0,0,74107.3,54944,60.3
2017,New Jersey,103739,8885525,11.68,1,0,0,0,537045.1,60440,94.7
2017,New Mexico,159779,2091784,76.38,1,0,0,0,89032,42563,77.4
2017,New York,382495,19589572,19.53,1,0,0,0,1419583.6,72466,87.9
2017,North Carolina,537813,10268233,52.38,0,0,0,0,496726.5,48375,66.1
2017,North Dakota,66977,754942,88.72,0,0,0,0,54083.1,71639,59.9
2017,Ohio,753072,11659650,64.59,0,0,0,0,590738.9,50665,77.9
2017,Oklahoma,334351,3931316,85.05,0,0,0,0,194256,49412,66.2
2017,Oregon,341167,4143625,82.34,1,0,0,0,205744.8,49653,81
2017,Pennsylvania,1062651,12787641,83.1,0,0,0,0,694236.5,54290,78.7
2017,Rhode Island,24677,1055673,23.38,1,0,0,0,52608.8,49834,90.7
2017,South Carolina,396920,5021268,79.05,0,0,0,0,202494.3,40327,66.3
2017,South Dakota,98573,872868,112.93,0,0,0,0,45878.2,52560,56.7
2017,Tennessee,767953,6708799,114.47,0,0,0,0,318412,47462,66.4
2017,Texas,1549434,28295273,54.76,0,0,1,0.035341592,1664218.5,58816,84.7
2017,Utah,270477,3101042,87.22,0,0,0,0,154367.3,49779,90.6
2017,Vermont,37610,624344,60.24,1,0,0,0,29500.9,47251,38.9
2017,Virginia,520827,8463587,61.54,1,0,0,0,466724.8,55145,75.5
2017,Washington,579678,7423362,78.09,1,0,0,0,482824.1,65041,84.1
2017,West Virginia,222768,1817004,122.6,0,0,0,0,71459.4,39328,48.7
2017,Wisconsin,526523,5790186,90.93,0,0,1,0.172706024,292311.2,50484,70.2
2017,Wyoming,54711,578931,94.5,0,0,0,0,37429.1,64652,64.8
2016,Alabama,616947,4863525,126.85,0,1,6,1.233673107,194283.8,39947,59
2016,Alaska,87647,741456,118.21,0,1,0,0,54246.6,73162,66
2016,Arizona,416279,6941072,59.97,0,1,4,0.57627986,291275.2,41964,89.8
2016,Arkansas,266014,2989918,88.97,0,1,0,0,112798.1,37726,56.2
2016,California,2377167,39167117,60.69,1,1,7,0.178721349,2427894.6,61988,95
2016,Colorado,540514,5539215,97.58,1,1,0,0,318953.4,57581,86.2
2016,Connecticut,317692,3578141,88.79,1,1,0,0,243286.7,67992,88
2016,Delaware,59430,948921,62.63,1,1,1,1.053828506,63001.3,66393,83.3
2016,District of Columbia,875,685815,1.28,1,1,0,0,119644.3,174456,100
2016,Florida,1435340,20613477,69.63,0,1,12,0.58214342,881539.2,42765,91.2
2016,Georgia,612985,10301890,59.5,0,1,6,0.582417401,506816.2,49196,75.1
2016,Hawaii,16681,1427559,11.68,1,1,0,0,77303.9,54151,91.9
2016,Idaho,156343,1682380,92.93,0,1,0,0,65479,38920,70.6
2016,Illinois,1924070,12820527,150.08,1,1,4,0.311999655,749333.5,58448,88.5
2016,Indiana,1436725,6634304,216.56,0,1,1,0.150731712,319601.5,48174,72.4
2016,Iowa,202277,3131371,64.6,0,1,0,0,170389.1,54414,64
2016,Kansas,196548,2910844,67.52,0,1,4,1.37417189,153695.3,52801,74.2
2016,Kentucky,3676847,4438182,828.46,0,1,2,0.450634967,184115,41484,58.4
2016,Louisiana,391869,4678135,83.77,0,1,3,0.641281194,228428.5,48829,73.2
2016,Maine,111582,1331317,83.81,1,1,0,0,55565.4,41737,38.7
2016,Maryland,165367,6003323,27.55,1,1,3,0.499723237,360082,59980,87.2
2016,Massachusetts,226212,6823608,33.15,1,1,2,0.293100073,475349,69662,92
2016,Michigan,579605,9950571,58.25,0,1,6,0.602980472,452325.2,45457,74.6
2016,Minnesota,651599,5522744,117.98,1,1,1,0.18106941,324030.3,58672,73.3
2016,Mississippi,276161,2987938,92.43,0,1,1,0.334678966,101255.3,33888,49.4
2016,Missouri,632319,6087135,103.88,0,1,2,0.328561795,279109.2,45852,70.4
2016,Montana,136337,1040859,130.99,0,1,0,0,44436.8,42692,55.9
2016,Nebraska,88663,1905616,46.53,0,1,0,0,112611.5,59095,73.1
2016,Nevada,147992,2917563,50.72,1,1,1,0.34275181,140081.2,48013,94.2
2016,New Hampshire,165164,1342307,123.04,1,1,0,0,73572.2,54810,60.3
2016,New Jersey,121853,8870827,13.74,1,1,1,0.112729061,535055.3,60316,94.7
2016,New Mexico,161216,2091630,77.08,1,1,2,0.956192061,89151.4,42623,77.4
2016,New York,404772,19633428,20.62,1,1,2,0.101867081,1403230.5,71471,87.9
2016,North Carolina,601445,10154788,59.23,0,1,1,0.098475714,482968.9,47561,66.1
2016,North Dakota,72036,754434,95.48,0,1,0,0,52974.6,70218,59.9
2016,Ohio,875724,11634370,75.27,0,1,0,0,583946.4,50191,77.9
2016,Oklahoma,364590,3926331,92.86,0,1,0,0,193025.1,49162,66.2
2016,Oregon,324708,4089976,79.39,1,1,0,0,198079.3,48430,81
2016,Pennsylvania,1143220,12782275,89.44,0,1,2,0.15646667,688359.4,53853,78.7
2016,Rhode Island,27758,1056770,26.27,1,1,0,0,52902.6,50061,90.7
2016,South Carolina,402978,4957968,81.28,0,1,2,0.403391067,198005.7,39937,66.3
2016,South Dakota,111921,862996,129.69,0,1,0,0,46076,53391,56.7
2016,Tennessee,714774,6646010,107.55,0,1,5,0.752331098,310143.2,46666,66.4
2016,Texas,1721726,27914410,61.68,0,1,9,0.322414122,1619954.2,58033,84.7
2016,Utah,294907,3041868,96.95,0,1,0,0,147962.3,48642,90.6
2016,Vermont,39417,623657,63.2,1,1,0,0,29408.1,47154,38.9
2016,Virginia,528369,8410106,62.83,1,1,7,0.832331959,459965.8,54692,75.5
2016,Washington,713996,7294771,97.88,1,1,3,0.411253486,458263.8,62821,84.1
2016,West Virginia,242350,1831023,132.36,0,1,0,0,70011.4,38236,48.7
2016,Wisconsin,561819,5772628,97.32,0,1,0,0,291920.3,50570,70.2
2016,Wyoming,63594,584215,108.85,0,1,0,0,38188.7,65368,64.8
2015,Alabama,737509,4852347,151.99,0,1,2,0.412171677,191335.2,39431,59
2015,Alaska,85621,737498,116.1,0,1,0,0,54740.8,74225,66
2015,Arizona,331442,6829676,48.53,0,1,4,0.585679321,282577,41375,89.8
2015,Arkansas,257346,2978048,86.41,0,1,0,0,112351,37726,56.2
2015,California,1761079,38918045,45.25,1,1,1,0.025695021,2357452.9,60575,95
2015,Colorado,454062,5450623,83.3,1,1,2,0.366930533,312409.7,57316,86.2
2015,Connecticut,307750,3587122,85.79,1,1,0,0,242706.5,67661,88
2015,Delaware,50416,941252,53.56,1,1,0,0,66793.5,70962,83.3
2015,District of Columbia,742,675400,1.1,1,1,0,0,116808.4,172947,100
2015,Florida,1147082,20209042,56.76,1,1,6,0.296896805,852242.4,42171,91.2
2015,Georgia,566946,10178447,55.7,0,1,8,0.78597452,489182.3,48061,75.1
2015,Hawaii,15290,1422052,10.75,1,1,0,0,75869.5,53352,91.9
2015,Idaho,136946,1651059,82.94,0,1,1,0.605671875,63081.2,38207,70.6
2015,Illinois,1247398,12858913,97.01,1,1,2,0.155534142,751754.9,58462,88.5
2015,Indiana,1076917,6608422,162.96,0,1,1,0.151322055,313751.2,47477,72.4
2015,Iowa,147309,3120960,47.2,1,1,0,0,171126.5,54831,64
2015,Kansas,185859,2909011,63.89,0,1,0,0,148810.5,51155,74.2
2015,Kentucky,3218371,4425976,727.16,0,1,0,0,182916,41328,58.4
2015,Louisiana,372613,4664628,79.88,0,1,1,0.214379367,233016,49954,73.2
2015,Maine,94744,1328262,71.33,1,1,1,0.752863516,54425.8,40975,38.7
2015,Maryland,125694,5985562,21,1,1,0,0,348151.8,58165,87.2
2015,Massachusetts,167285,6794228,24.62,1,1,0,0,468060.9,68891,92
2015,Michigan,500921,9931715,50.44,1,1,0,0,443831.2,44688,74.6
2015,Minnesota,519244,5482032,94.72,1,1,2,0.364828224,318913.2,58174,73.3
2015,Mississippi,252372,2988471,84.45,0,1,1,0.334619275,100482.4,33623,49.4
2015,Missouri,584875,6071732,96.33,0,1,1,0.164697651,279020.8,45954,70.4
2015,Montana,127705,1030475,123.93,0,1,1,0.97042626,45395.7,44053,55.9
2015,Nebraska,79340,1891277,41.95,0,1,2,1.057486555,111401.5,58903,73.1
2015,Nevada,127480,2866939,44.47,1,1,0,0,136347.4,47559,94.2
2015,New Hampshire,136816,1336350,102.38,1,1,0,0,72042.4,53910,60.3
2015,New Jersey,90034,8867949,10.15,1,1,1,0.112765646,529953.7,59761,94.7
2015,New Mexico,147912,2089291,70.8,1,1,1,0.478631268,89701.3,42934,77.4
2015,New York,346048,19654666,17.61,1,1,4,0.203514015,1373643,69889,87.9
2015,North Carolina,531876,10031646,53.02,0,1,5,0.498422692,475096.6,47360,66.1
2015,North Dakota,69429,754066,92.07,0,1,0,0,56542.4,74983,59.9
2015,Ohio,748502,11617527,64.43,1,1,3,0.258230517,578852.4,49826,77.9
2015,Oklahoma,359276,3909500,91.9,0,1,1,0.255787185,197071.9,50408,66.2
2015,Oregon,276126,4015792,68.76,1,1,1,0.249016881,189946.5,47300,81
2015,Pennsylvania,993429,12784826,77.7,1,1,1,0.078217725,682466.1,53381,78.7
2015,Rhode Island,22129,1056065,20.95,1,1,0,0,52819.1,50015,90.7
2015,South Carolina,326997,4891938,66.84,0,1,1,0.204417963,192019.9,39252,66.3
2015,South Dakota,100268,853988,117.41,0,1,1,1.170976641,45664.5,53472,56.7
2015,Tennessee,654192,6591170,99.25,0,1,3,0.455154396,304484.2,46196,66.4
2015,Texas,1574266,27470056,57.31,0,1,4,0.1456131,1605901.7,58460,84.7
2015,Utah,254814,2981835,85.46,0,1,0,0,141720.5,47528,90.6
2015,Vermont,34588,625216,55.32,1,1,0,0,29119,46574,38.9
2015,Virginia,462997,8361808,55.37,1,1,1,0.119591361,455162.4,54433,75.5
2015,Washington,502280,7163657,70.12,1,1,0,0,441952.1,61694,84.1
2015,West Virginia,249014,1842050,135.18,0,1,0,0,70663,38361,48.7
2015,Wisconsin,383280,5760940,66.53,1,1,2,0.347165567,289077,50179,70.2
2015,Wyoming,62339,585613,106.45,0,1,0,0,40418.2,69019,64.8
2014,Alabama,621305,4841799,128.32,0,1,0,0,189886.3,39218,59
2014,Alaska,87623,736283,119.01,0,1,0,0,54188.2,73597,66
2014,Arizona,310672,6730413,46.16,0,1,0,0,276948.9,41149,89.8
2014,Arkansas,234282,2967392,78.95,0,1,0,0,111734.5,37654,56.2
2014,California,1474616,38596972,38.21,1,1,3,0.077726305,2256054.7,58452,95
2014,Colorado,413284,5350101,77.25,1,1,0,0,298655.3,55822,86.2
2014,Connecticut,270297,3594524,75.2,1,1,0,0,235780.9,65594,88
2014,Delaware,42950,932487,46.06,1,1,0,0,64940.1,69642,83.3
2014,District of Columbia,512,662328,0.77,1,1,0,0,114553.6,172956,100
2014,Florida,1034546,19845911,52.13,1,1,1,0.050388213,817233.5,41179,91.2
2014,Georgia,484580,10067278,48.13,0,1,1,0.099331716,470009.7,46687,75.1
2014,Hawaii,15225,1414538,10.76,1,1,0,0,73512.4,51969,91.9
2014,Idaho,131742,1631112,80.77,0,1,0,0,62454,38289,70.6
2014,Illinois,1344096,12884493,104.32,1,1,0,0,741194,57526,88.5
2014,Indiana,647550,6593644,98.21,0,1,0,0,316783.1,48044,72.4
2014,Iowa,127022,3109350,40.85,1,1,0,0,166619.2,53587,64
2014,Kansas,172167,2900475,59.36,0,1,0,0,145344.1,50110,74.2
2014,Kentucky,2492184,4414349,564.56,0,1,0,0,181471.8,41110,58.4
2014,Louisiana,315357,4644013,67.91,0,1,1,0.215331008,235355.1,50679,73.2
2014,Maine,83085,1330513,62.45,1,1,0,0,54037.9,40614,38.7
2014,Maryland,142207,5957283,23.87,1,1,0,0,339604.6,57007,87.2
2014,Massachusetts,179344,6762596,26.52,1,1,0,0,451568.9,66774,92
2014,Michigan,424091,9929848,42.71,1,1,0,0,434313.2,43738,74.6
2014,Minnesota,481122,5451079,88.26,1,1,0,0,314091.3,57620,73.3
2014,Mississippi,214829,2990468,71.84,0,1,0,0,100283.6,33534,49.4
2014,Missouri,517063,6056202,85.38,0,1,0,0,276080.7,45586,70.4
2014,Montana,121836,1021869,119.23,0,1,0,0,43829.1,42891,55.9
2014,Nebraska,68568,1879321,36.49,0,1,0,0,107936.8,57434,73.1
2014,Nevada,116735,2817628,41.43,1,1,1,0.354908455,130897.4,46457,94.2
2014,New Hampshire,124677,1333341,93.51,1,1,0,0,70213.7,52660,60.3
2014,New Jersey,92320,8864525,10.41,1,1,0,0,522166.4,58905,94.7
2014,New Mexico,139780,2089568,66.89,1,1,1,0.478567819,88991.2,42588,77.4
2014,New York,365427,19651049,18.6,1,1,0,0,1353410.4,68872,87.9
2014,North Carolina,1182349,9932887,119.03,0,1,0,0,462253.1,46538,66.1
2014,North Dakota,70548,737401,95.67,0,1,0,0,57790,78370,59.9
2014,Ohio,596389,11602700,51.4,1,1,0,0,574177.9,49487,77.9
2014,Oklahoma,348495,3878187,89.86,0,1,0,0,189360,48827,66.2
2014,Oregon,243044,3963244,61.32,1,1,0,0,181220.6,45725,81
2014,Pennsylvania,899241,12788313,70.32,1,1,1,0.078196397,669643.1,52364,78.7
2014,Rhode Island,20400,1055936,19.32,1,1,0,0,52293.4,49523,90.7
2014,South Carolina,289764,4823617,60.07,0,1,0,0,185986.9,38558,66.3
2014,South Dakota,83659,849129,98.52,0,1,0,0,44846.5,52815,56.7
2014,Tennessee,533394,6541223,81.54,0,1,0,0,294130.1,44966,66.4
2014,Texas,1465992,26964333,54.37,0,1,1,0.037086028,1529617.1,56727,84.7
2014,Utah,263812,2936879,89.83,0,1,0,0,136993.7,46646,90.6
2014,Vermont,31502,625214,50.39,1,1,0,0,28912.2,46244,38.9
2014,Virginia,419764,8310993,50.51,1,1,0,0,447678.1,53866,75.5
2014,Washington,482115,7054655,68.34,1,1,2,0.283500752,424467.6,60168,84.1
2014,West Virginia,221847,1849489,119.95,0,1,1,0.540689888,70532.5,38136,48.7
2014,Wisconsin,334308,5751525,58.13,1,1,0,0,283981.1,49375,70.2
2014,Wyoming,63063,582531,108.26,0,1,0,0,39559.4,67910,64.8
2013,Alabama,563880,4830081,116.74,0,1,1,0.207035865,191369.8,39620,59
2013,Alaska,93405,737068,126.73,0,1,0,0,55354.3,75101,66
2013,Arizona,363036,6632764,54.73,0,1,1,0.150766709,273481.9,41232,89.8
2013,Arkansas,279736,2959400,94.52,0,1,0,0,110752.4,37424,56.2
2013,California,1368295,38260787,35.76,1,1,4,0.10454568,2179229,56957,95
2013,Colorado,514658,5269035,97.68,1,1,0,0,286259.1,54329,86.2
2013,Connecticut,294338,3594841,81.88,1,1,0,0,236050.6,65664,88
2013,Delaware,40062,923576,43.38,1,1,0,0,60235.8,65220,83.3
2013,District of Columbia,497,650581,0.76,1,1,1,1.537087619,112332.4,172665,100
2013,Florida,1073859,19545621,54.94,1,1,1,0.051162355,794842.1,40666,91.2
2013,Georgia,527885,9972479,52.93,0,1,0,0,454908.9,45616,75.1
2013,Hawaii,17416,1408243,12.37,1,1,0,0,73063.2,51883,91.9
2013,Idaho,147494,1611206,91.54,0,1,0,0,60631.2,37631,70.6
2013,Illinois,1280613,12895129,99.31,1,1,1,0.077548662,726125,56310,88.5
2013,Indiana,597124,6568713,90.9,0,1,0,0,307279.1,46779,72.4
2013,Iowa,160062,3092997,51.75,1,1,0,0,158480.8,51239,64
2013,Kansas,228105,2893212,78.84,0,1,0,0,141723.4,48985,74.2
2013,Kentucky,1578331,4404659,358.33,0,1,0,0,181505.9,41208,58.4
2013,Louisiana,353025,4624527,76.34,0,1,0,0,228452.8,49400,73.2
2013,Maine,96760,1328009,72.86,1,1,0,0,53239.1,40089,38.7
2013,Maryland,231182,5923188,39.03,1,1,0,0,334268.9,56434,87.2
2013,Massachusetts,251361,6713315,37.44,1,1,0,0,444874,66267,92
2013,Michigan,503979,9913065,50.84,1,1,0,0,428737.6,43250,74.6
2013,Minnesota,525774,5413479,97.12,1,1,0,0,305486.4,56431,73.3
2013,Mississippi,231711,2988711,77.53,0,1,0,0,100331.2,33570,49.4
2013,Missouri,567009,6040715,93.86,0,1,0,0,274599.3,45458,70.4
2013,Montana,137830,1013569,135.98,0,1,0,0,42968.2,42393,55.9
2013,Nebraska,91553,1865279,49.08,0,1,0,0,104680,56120,73.1
2013,Nevada,146892,2775970,52.92,1,1,1,0.360234441,129720.9,46730,94.2
2013,New Hampshire,147726,1326622,111.36,1,1,0,0,69080.3,52072,60.3
2013,New Jersey,120071,8856972,13.56,1,1,0,0,523725.8,59131,94.7
2013,New Mexico,156333,2092273,74.72,1,1,1,0.477949101,86856.6,41513,77.4
2013,New York,353064,19624447,17.99,1,1,1,0.05095685,1329376.3,67741,87.9
2013,North Carolina,574622,9843336,58.38,0,1,0,0,452056.2,45925,66.1
2013,North Dakota,85812,722036,118.85,0,1,0,0,52892.4,73255,59.9
2013,Ohio,680930,11576684,58.82,1,1,0,0,556210.5,48046,77.9
2013,Oklahoma,380634,3853214,98.78,0,1,1,0.259523608,177698.9,46117,66.2
2013,Oregon,274302,3922468,69.93,1,1,0,0,175933.8,44853,81
2013,Pennsylvania,1044731,12776309,81.77,1,1,1,0.078269867,655929.2,51339,78.7
2013,Rhode Island,26666,1055081,25.27,1,1,0,0,51910.8,49201,90.7
2013,South Carolina,335695,4764080,70.46,0,1,0,0,180881.6,37968,66.3
2013,South Dakota,92055,842316,109.29,0,1,0,0,44147.4,52412,56.7
2013,Tennessee,600869,6494340,92.52,0,1,0,0,289794.6,44623,66.4
2013,Texas,1633278,26480266,61.68,0,1,1,0.037763971,1484700.1,56068,84.7
2013,Utah,324604,2897640,112.02,0,1,0,0,133112.9,45938,90.6
2013,Vermont,36135,626210,57.7,1,1,0,0,28681.5,45802,38.9
2013,Virginia,498426,8252427,60.4,1,1,0,0,449063.8,54416,75.5
2013,Washington,561122,6963985,80.57,1,1,1,0.143595944,410873.9,59000,84.1
2013,West Virginia,248952,1853914,134.28,0,1,0,0,70550.1,38055,48.7
2013,Wisconsin,434688,5736754,75.77,1,1,0,0,278015,48462,70.2
2013,Wyoming,70671,582122,121.4,0,1,0,0,38849.6,66738,64.8
2012,Alabama,431356,4815588,89.57,0,1,2,0.415317922,189245.5,39299,59
2012,Alaska,85342,730443,116.84,0,1,0,0,58283.6,79792,66
2012,Arizona,339663,6554978,51.82,0,1,0,0,271440,41410,89.8
2012,Arkansas,246193,2952164,83.39,0,1,0,0,108492.1,36750,56.2
2012,California,1132603,37948800,29.85,1,1,1,0.026351294,2113096.4,55683,95
2012,Colorado,414838,5192647,79.89,1,1,1,0.192580008,276823.1,53311,86.2
2012,Connecticut,237496,3594547,66.07,1,1,1,0.278199172,240911.9,67021,88
2012,Delaware,30724,915179,33.57,1,1,0,0,62354.6,68134,83.3
2012,District of Columbia,449,634924,0.71,1,1,0,0,112157,176646,100
2012,Florida,834319,19297822,43.23,1,1,1,0.051819319,778545,40344,91.2
2012,Georgia,465560,9901430,47.02,0,1,1,0.100995513,447764.7,45222,75.1
2012,Hawaii,17428,1394804,12.49,1,1,0,0,71905.3,51552,91.9
2012,Idaho,136482,1595324,85.55,0,1,0,0,58323.9,36559,70.6
2012,Illinois,1036061,12882510,80.42,1,1,0,0,726399.1,56386,88.5
2012,Indiana,475607,6537703,72.75,0,1,0,0,300513.9,45966,72.4
2012,Iowa,147700,3076190,48.01,1,1,0,0,158538.4,51537,64
2012,Kansas,210972,2885257,73.12,0,1,0,0,141818.2,49153,74.2
2012,Kentucky,2589358,4386346,590.32,0,1,0,0,178143.7,40613,58.4
2012,Louisiana,326290,4600972,70.92,0,1,0,0,235384.7,51160,73.2
2012,Maine,91834,1327729,69.17,1,1,0,0,53679.7,40430,38.7
2012,Maryland,136604,5886992,23.2,1,1,0,0,332523.5,56484,87.2
2012,Massachusetts,210453,6663005,31.59,1,1,0,0,442916.9,66474,92
2012,Michigan,430405,9897145,43.49,1,1,0,0,422691.2,42708,74.6
2012,Minnesota,440992,5376643,82.02,1,1,1,0.185989659,298328.3,55486,73.3
2012,Mississippi,222297,2983816,74.5,0,1,0,0,100448.4,33664,49.4
2012,Missouri,513303,6024367,85.2,0,1,0,0,271535.1,45073,70.4
2012,Montana,134455,1003783,133.95,0,1,0,0,42340.9,42181,55.9
2012,Nebraska,85860,1853303,46.33,0,1,0,0,102725.9,55429,73.1
2012,Nevada,146363,2743996,53.34,1,1,0,0,129312.9,47126,94.2
2012,New Hampshire,128178,1324232,96.79,1,1,0,0,68498.1,51727,60.3
2012,New Jersey,85851,8844942,9.71,1,1,0,0,517195.9,58474,94.7
2012,New Mexico,143419,2087309,68.71,1,1,0,0,87925.2,42124,77.4
2012,New York,338619,19572932,17.3,1,1,0,0,1328233.5,67861,87.9
2012,North Carolina,489307,9749476,50.19,0,1,0,0,445095.3,45653,66.1
2012,North Dakota,84867,701176,121.04,0,1,0,0,51832.6,73922,59.9
2012,Ohio,629215,11548923,54.48,1,1,1,0.086588161,545740.1,47255,77.9
2012,Oklahoma,367976,3818814,96.36,0,1,1,0.261861405,174874.4,45793,66.2
2012,Oregon,267041,3899001,68.49,1,1,1,0.256475954,174611,44784,81
2012,Pennsylvania,968534,12767118,75.86,1,1,0,0,647925.9,50750,78.7
2012,Rhode Island,24050,1054621,22.8,1,1,0,0,51583,48911,90.7
2012,South Carolina,308408,4717354,65.38,0,1,0,0,177618.1,37652,66.3
2012,South Dakota,88447,833566,106.11,0,1,0,0,43901.5,52667,56.7
2012,Tennessee,524122,6453898,81.21,0,1,0,0,286341.5,44367,66.4
2012,Texas,1436132,26084481,55.06,0,1,0,0,1421180.1,54484,84.7
2012,Utah,230999,2853375,80.96,0,1,0,0,129512.5,45389,90.6
2012,Vermont,34507,626090,55.12,1,1,0,0,29241.3,46705,38.9
2012,Virginia,448754,8185080,54.83,1,1,0,0,445973.6,54486,75.5
2012,Washington,519209,6897058,75.28,1,1,1,0.144989356,400530.6,58073,84.1
2012,West Virginia,225580,1856872,121.48,0,1,0,0,70322.2,37871,48.7
2012,Wisconsin,469375,5719960,82.06,1,1,2,0.349652795,277107.1,48446,70.2
2012,Wyoming,63356,576305,109.93,0,1,0,0,38855.4,67422,64.8
2011,Alabama,336102,4799069,70.03,0,1,1,0.208373749,187605.8,39092,59
2011,Alaska,70198,722128,97.21,0,1,0,0,55280.3,76552,66
2011,Arizona,251477,6472643,38.85,0,1,1,0.154496394,266101.5,41112,89.8
2011,Arkansas,206228,2940667,70.13,0,1,0,0,107932.5,36703,56.2
2011,California,905701,37638369,24.06,1,1,1,0.026568633,2063827.5,54833,95
2011,Colorado,336296,5121108,65.67,1,1,0,0,271700.6,53055,86.2
2011,Connecticut,186068,3588283,51.85,1,1,0,0,238542.4,66478,88
2011,Delaware,22490,907381,24.79,1,1,0,0,62919.3,69342,83.3
2011,District of Columbia,300,619800,0.48,1,1,0,0,111646.5,180133,100
2011,Florida,643229,19053237,33.76,1,1,0,0,772021.3,40519,91.2
2011,Georgia,367894,9802431,37.53,0,1,0,0,441626.7,45053,75.1
2011,Hawaii,12635,1379329,9.16,1,1,0,0,70646.6,51218,91.9
2011,Idaho,106616,1583910,67.31,0,1,0,0,58226.2,36761,70.6
2011,Illinois,828962,12867454,64.42,1,1,0,0,711283.4,55278,88.5
2011,Indiana,359840,6516528,55.22,1,1,0,0,299064.5,45893,72.4
2011,Iowa,179944,3066336,58.68,1,1,0,0,152435.2,49712,64
2011,Kansas,164898,2869225,57.47,0,1,0,0,139579.4,48647,74.2
2011,Kentucky,2280832,4369821,521.95,0,1,0,0,175745.3,40218,58.4
2011,Louisiana,264552,4575625,57.82,0,1,0,0,234975.7,51354,73.2
2011,Maine,73127,1328284,55.05,1,1,0,0,53789,40495,38.7
2011,Maryland,103020,5839419,17.64,1,1,0,0,332437.2,56930,87.2
2011,Massachusetts,153487,6613583,23.21,1,1,0,0,434494.5,65697,92
2011,Michigan,356635,9882412,36.09,1,1,1,0.101189871,414834.4,41977,74.6
2011,Minnesota,337534,5346143,63.14,1,1,0,0,293783.2,54952,73.3
2011,Mississippi,185059,2978731,62.13,0,1,0,0,98515.8,33073,49.4
2011,Missouri,394923,6010275,65.71,0,1,0,0,268533.8,44679,70.4
2011,Montana,108974,997316,109.27,0,1,0,0,41875.7,41988,55.9
2011,Nebraska,65860,1840672,35.78,0,1,0,0,102587.4,55734,73.1
2011,Nevada,118740,2712730,43.77,1,1,1,0.368632337,130697.9,48179,94.2
2011,New Hampshire,90984,1320202,68.92,1,1,0,0,67559.1,51173,60.3
2011,New Jersey,60256,8828117,6.83,1,1,0,0,507604,57499,94.7
2011,New Mexico,115620,2080450,55.57,1,1,0,0,87592.9,42103,77.4
2011,New York,271837,19499241,13.94,1,1,0,0,1279527.1,65619,87.9
2011,North Carolina,375211,9657592,38.85,1,1,0,0,443288.7,45901,66.1
2011,North Dakota,61032,685225,89.07,0,1,0,0,42340.8,61791,59.9
2011,Ohio,468974,11544663,40.62,1,1,1,0.086620112,541180.2,46877,77.9
2011,Oklahoma,271816,3788379,71.75,0,1,0,0,166327.2,43905,66.2
2011,Oregon,209781,3872036,54.18,1,1,0,0,173831.7,44894,81
2011,Pennsylvania,718934,12745815,56.41,1,1,0,0,637114,49986,78.7
2011,Rhode Island,17271,1053649,16.39,1,1,0,0,51279.6,48669,90.7
2011,South Carolina,229419,4671994,49.11,0,1,0,0,176083.2,37689,66.3
2011,South Dakota,69654,823579,84.57,0,1,0,0,43049.5,52271,56.7
2011,Tennessee,451107,6399291,70.49,0,1,0,0,276898.3,43270,66.4
2011,Texas,1155387,25645629,45.05,0,1,0,0,1353600.4,52781,84.7
2011,Utah,1020789,2814384,362.7,0,1,0,0,127992.5,45478,90.6
2011,Vermont,27292,627049,43.52,1,1,0,0,29013.5,46270,38.9
2011,Virginia,331468,8101155,40.92,1,1,0,0,444288,54843,75.5
2011,Washington,394410,6826627,57.78,1,1,0,0,387745.2,56799,84.1
2011,West Virginia,185491,1856301,99.93,0,1,0,0,70361.3,37904,48.7
2011,Wisconsin,322761,5705288,56.57,1,1,0,0,272813.2,47818,70.2
2011,Wyoming,52224,567299,92.06,0,1,0,0,39767.9,70100,64.8
2010,Alabama,308607,4779736,64.57,0,1,1,0.209216576,184702.4,38643,59
2010,Alaska,65909,710231,92.8,0,1,0,0,54601.5,76879,66
2010,Arizona,206050,6392017,32.24,0,1,0,0,260307.1,40724,89.8
2010,Arkansas,191448,2915918,65.66,0,1,0,0,105662,36236,56.2
2010,California,816399,37253956,21.91,1,1,0,0,2036015,54652,95
2010,Colorado,300820,5029196,59.81,1,1,0,0,267858.9,53261,86.2
2010,Connecticut,179595,3574097,50.25,1,1,1,0.279790951,244354.7,68368,88
2010,Delaware,19240,897934,21.43,1,1,0,0,60577.2,67463,83.3
2010,District of Columbia,349,601723,0.58,1,1,0,0,109986.5,182786,100
2010,Florida,559347,18801310,29.75,1,1,0,0,775039.5,41223,91.2
2010,Georgia,333247,9687653,34.4,0,1,0,0,433727.2,44771,75.1
2010,Hawaii,10533,1360301,7.74,1,1,0,0,69628.1,51186,91.9
2010,Idaho,92031,1567582,58.71,0,1,0,0,58281.8,37179,70.6
2010,Illinois,695300,12830632,54.19,1,1,0,0,698179.6,54415,88.5
2010,Indiana,345650,6483802,53.31,1,1,0,0,297517.3,45886,72.4
2010,Iowa,124738,3046355,40.95,1,1,0,0,150148.4,49288,64
2010,Kansas,144156,2853118,50.53,0,1,0,0,135723.2,47570,74.2
2010,Kentucky,2385579,4339367,549.75,0,1,0,0,173780.1,40047,58.4
2010,Louisiana,239204,4533372,52.77,0,1,0,0,246836.2,54449,73.2
2010,Maine,65988,1328361,49.68,1,1,0,0,54305,40881,38.7
2010,Maryland,88162,5773552,15.27,1,1,0,0,325369.7,56355,87.2
2010,Massachusetts,115904,6547629,17.7,1,1,0,0,425792.7,65030,92
2010,Michigan,348200,9883640,35.23,1,1,0,0,404216.9,40898,74.6
2010,Minnesota,297390,5303925,56.07,1,1,0,0,287140.1,54137,73.3
2010,Mississippi,169873,2967297,57.25,0,1,0,0,98601.1,33229,49.4
2010,Missouri,349672,5988927,58.39,0,1,0,0,270732.9,45206,70.4
2010,Montana,101095,989415,102.18,0,1,0,0,40793.7,41230,55.9
2010,Nebraska,58283,1826341,31.91,0,1,0,0,97466.1,53367,73.1
2010,Nevada,104789,2700551,38.8,1,1,0,0,129828.4,48075,94.2
2010,New Hampshire,79940,1316470,60.72,1,1,0,0,67125.8,50989,60.3
2010,New Jersey,50522,8791894,5.75,1,1,0,0,513917.9,58454,94.7
2010,New Mexico,109069,2059179,52.97,1,1,0,0,87610.3,42546,77.4
2010,New York,241495,19378102,12.46,1,1,0,0,1277466.8,65923,87.9
2010,North Carolina,331637,9535483,34.78,1,1,0,0,437836.5,45917,66.1
2010,North Dakota,47083,672591,70,0,1,0,0,37917.2,56375,59.9
2010,Ohio,393250,11536504,34.09,1,1,0,0,523979.4,45419,77.9
2010,Oklahoma,233909,3751351,62.35,0,1,0,0,160564.2,42802,66.2
2010,Oregon,184835,3831074,48.25,1,1,0,0,169234,44174,81
2010,Pennsylvania,626677,12702379,49.34,1,1,0,0,627726.3,49418,78.7
2010,Rhode Island,14835,1052567,14.09,1,1,0,0,51332.8,48769,90.7
2010,South Carolina,201628,4625364,43.59,0,1,0,0,172131,37215,66.3
2010,South Dakota,63151,814180,77.56,0,1,0,0,40369.6,49583,56.7
2010,Tennessee,411024,6346105,64.77,0,1,0,0,268449.8,42302,66.4
2010,Texas,968071,25145561,38.5,0,1,0,0,1309962.4,52095,84.7
2010,Utah,553134,2763885,200.13,0,1,0,0,123902.2,44829,90.6
2010,Vermont,24276,625741,38.8,1,1,0,0,28403.7,45392,38.9
2010,Virginia,320783,8001024,40.09,1,1,0,0,441242.4,55148,75.5
2010,Washington,335342,6724540,49.87,1,1,0,0,380989.5,56657,84.1
2010,West Virginia,159550,1852994,86.1,0,1,0,0,69153.5,37320,48.7
2010,Wisconsin,194797,5686986,34.25,1,1,0,0,266830.8,46920,70.2
2010,Wyoming,47709,563626,84.65,0,1,0,0,40056.6,71069,64.8
2009,Alabama,317868,4757938,66.81,0,1,1,0.21017508,180707.2,37980,55.4
2009,Alaska,60780,698895,86.97,0,1,0,0,56215.1,80434,65.6
2009,Arizona,215379,6343154,33.95,0,1,0,0,257498.5,40595,88.2
2009,Arkansas,209842,2896843,72.44,0,1,0,0,102996.6,35555,52.5
2009,California,788164,36961229,21.32,1,1,1,0.027055377,1995439.7,53987,94.4
2009,Colorado,313641,4972195,63.08,1,1,0,0,264966.3,53290,84.5
2009,Connecticut,202454,3561807,56.84,1,1,0,0,244894.7,68756,87.7
2009,Delaware,20530,891730,23.02,1,1,0,0,61517.7,68987,80.1
2009,District of Columbia,369,592228,0.62,1,1,0,0,105893.9,178806,100
2009,Florida,556540,18652644,29.84,1,1,0,0,769061.1,41231,89.3
2009,Georgia,373237,9620846,38.79,0,1,0,0,428740.7,44564,71.6
2009,Hawaii,10511,1346717,7.8,1,1,0,0,67927.5,50439,91.5
2009,Idaho,99243,1554439,63.84,0,1,0,0,57327.9,36880,66.4
2009,Illinois,752071,12796778,58.77,1,1,0,0,688161,53776,87.8
2009,Indiana,273803,6459325,42.39,1,1,0,0,279520.7,43274,70.8
2009,Iowa,120233,3032870,39.64,1,1,0,0,146182.8,48199,61.1
2009,Kansas,142984,2832704,50.48,0,1,0,0,134227,47385,71.4
2009,Kentucky,2189578,4317074,507.19,0,1,0,0,166704.2,38615,55.8
2009,Louisiana,247084,4491648,55.01,0,1,0,0,236411,52633,72.6
2009,Maine,60955,1329590,45.84,1,1,0,0,53630.1,40336,40.2
2009,Maryland,95191,5730388,16.61,1,1,0,0,311342.2,54332,86.1
2009,Massachusetts,98864,6517613,15.17,1,1,0,0,407219.6,62480,91.4
2009,Michigan,362172,9901591,36.58,1,1,0,0,383140.1,38695,74.7
2009,Minnesota,285130,5281203,53.99,1,1,0,0,277494.1,52544,70.9
2009,Mississippi,167057,2958774,56.46,0,1,0,0,98000.6,33122,48.8
2009,Missouri,355678,5961088,59.67,0,1,0,0,266834.9,44763,69.4
2009,Montana,101976,983982,103.64,0,1,0,0,39513.4,40157,54.1
2009,Nebraska,59328,1812683,32.73,0,1,0,0,93977.6,51844,69.8
2009,Nevada,107343,2684665,39.98,1,1,0,0,128241.3,47768,91.5
2009,New Hampshire,76102,1316102,57.82,1,1,0,0,65023.4,49406,59.3
2009,New Jersey,55533,8755602,6.34,1,1,0,0,506850.7,57889,94.4
2009,New Mexico,106854,2036802,52.46,1,1,0,0,88069.9,43239,75
2009,New York,241165,19307066,12.49,1,1,1,0.051794509,1230672.3,63742,87.5
2009,North Carolina,368460,9449566,38.99,1,1,1,0.105824966,431955.3,45712,60.2
2009,North Dakota,47962,664968,72.13,0,1,0,0,35244.4,53002,55.9
2009,Ohio,395580,11528896,34.31,1,1,0,0,511076.5,44330,77.4
2009,Oklahoma,234562,3717572,63.1,0,1,0,0,160091.6,43063,65.3
2009,Oregon,185043,3808600,48.59,1,1,0,0,165527.2,43461,78.7
2009,Pennsylvania,641696,12666858,50.66,1,1,0,0,610147.9,48169,77.1
2009,Rhode Island,14799,1053646,14.05,1,1,0,0,50004.3,47458,90.9
2009,South Carolina,214584,4589872,46.75,0,1,0,0,168851.8,36788,60.5
2009,South Dakota,63748,807067,78.99,0,1,0,0,39987.3,49546,51.9
2009,Tennessee,408991,6306019,64.86,0,1,0,0,264737.1,41982,63.6
2009,Texas,1014015,24801761,40.88,0,1,1,0.040319718,1277295.4,51500,82.5
2009,Utah,256136,2723421,94.05,0,1,0,0,121431.4,44588,88.2
2009,Vermont,23085,624817,36.95,1,1,0,0,27222,43568,38.2
2009,Virginia,296463,7925937,37.4,1,1,0,0,427648.9,53956,73
2009,Washington,336732,6667426,50.5,1,1,1,0.149982917,370136.6,55514,82
2009,West Virginia,156831,1847775,84.88,0,1,0,0,68191.8,36905,46.1
2009,Wisconsin,196951,5669264,34.74,1,1,0,0,258761.2,45643,68.3
2009,Wyoming,51395,559851,91.8,0,1,0,0,41546.4,74210,65.1
2008,Alabama,299432,4718206,63.46,0,0,0,0,186946.7,39622,55.4
2008,Alaska,61729,687455,89.79,0,0,0,0,51252.1,74553,65.6
2008,Arizona,208721,6280362,33.23,0,0,1,0.15922649,280810.1,44712,88.2
2008,Arkansas,191799,2874554,66.72,0,0,1,0.347880054,106536.5,37062,52.5
2008,California,780398,36604337,21.32,1,0,1,0.027319167,2061638.8,56322,94.4
2008,Colorado,285521,4889730,58.39,1,0,0,0,270981.4,55418,84.5
2008,Connecticut,155885,3545579,43.97,1,0,0,0,257756,72698,87.7
2008,Delaware,18102,883874,20.48,1,0,0,0,58655.7,66362,80.1
2008,District of Columbia,259,580236,0.45,1,0,0,0,106768.9,184009,100
2008,Florida,503672,18527305,27.19,1,0,0,0,816070.2,44047,89.3
2008,Georgia,367374,9504843,38.65,0,0,0,0,445764.6,46899,71.6
2008,Hawaii,8569,1332213,6.43,1,0,0,0,70460.8,52890,91.5
2008,Idaho,100457,1534320,65.47,0,0,0,0,60309.5,39307,66.4
2008,Illinois,615941,12747038,48.32,1,0,1,0.078449597,706616.5,55434,87.8
2008,Indiana,219900,6424806,34.23,1,0,0,0,300962.6,46844,70.8
2008,Iowa,108330,3016734,35.91,1,0,0,0,149881.4,49683,61.1
2008,Kansas,126084,2808076,44.9,0,0,0,0,139536.8,49691,71.4
2008,Kentucky,1881101,4289878,438.5,0,0,1,0.233106862,173810.1,40516,55.8
2008,Louisiana,248355,4435586,55.99,0,0,0,0,232150.7,52338,72.6
2008,Maine,56561,1330509,42.51,1,0,0,0,54653.9,41077,40.2
2008,Maryland,89583,5684965,15.76,1,0,0,0,314757.6,55367,86.1
2008,Massachusetts,119859,6468967,18.53,1,0,0,0,414919.9,64140,91.4
2008,Michigan,357335,9946889,35.92,1,0,0,0,420974,42322,74.7
2008,Minnesota,277175,5247018,52.83,1,0,0,0,288420.6,54968,70.9
2008,Mississippi,181068,2947806,61.42,0,0,0,0,101777.6,34527,48.8
2008,Missouri,321487,5923916,54.27,0,0,1,0.168807255,273436.2,46158,69.4
2008,Montana,97599,976415,99.96,0,0,0,0,40471.1,41449,54.1
2008,Nebraska,56589,1796378,31.5,0,0,0,0,93840.5,52239,69.8
2008,Nevada,95252,2653630,35.89,1,0,0,0,139954.2,52741,91.5
2008,New Hampshire,67293,1315906,51.14,1,0,0,0,65854.1,50045,59.3
2008,New Jersey,40525,8711090,4.65,1,0,0,0,534501.4,61359,94.4
2008,New Mexico,106131,2010662,52.78,1,0,0,0,86965.2,43252,75
2008,New York,221920,19212436,11.55,1,0,0,0,1190080.9,61943,87.5
2008,North Carolina,347473,9309449,37.32,1,0,0,0,450538,48396,60.2
2008,North Dakota,46832,657569,71.22,0,0,0,0,34256.4,52096,55.9
2008,Ohio,350014,11515391,30.4,1,0,0,0,537124.1,46644,77.4
2008,Oklahoma,221612,3668976,60.4,0,0,0,0,162387,44259,65.3
2008,Oregon,179887,3768748,47.73,1,0,0,0,173598.5,46063,78.7
2008,Pennsylvania,598544,12612285,47.46,1,0,0,0,629807.9,49936,77.1
2008,Rhode Island,12405,1055003,11.76,1,0,0,0,50575.2,47938,90.9
2008,South Carolina,184941,4528996,40.83,0,0,0,0,176567.6,38986,60.5
2008,South Dakota,62489,799124,78.2,0,0,0,0,39080.8,48905,51.9
2008,Tennessee,282819,6247411,45.27,0,0,0,0,274571.1,43950,63.6
2008,Texas,944568,24309039,38.86,0,0,0,0,1282088.7,52741,82.5
2008,Utah,181592,2663029,68.19,0,0,0,0,124225.5,46648,88.2
2008,Vermont,21991,624151,35.23,1,0,0,0,27758.4,44474,38.2
2008,Virginia,278974,7833496,35.61,1,0,0,0,431216.7,55048,73
2008,Washington,316589,6562231,48.24,1,0,0,0,381289.9,58104,82
2008,West Virginia,147689,1840310,80.25,0,0,0,0,68483.9,37213,46.1
2008,Wisconsin,186819,5640996,33.12,1,0,0,0,266626.9,47266,68.3
2008,Wyoming,49255,546043,90.2,0,0,0,0,42868.2,78507,65.1
2007,Alabama,245355,4672840,52.51,0,0,0,0,189002.5,40447,55.4
2007,Alaska,49604,680300,72.91,0,0,0,0,51721,76027,65.6
2007,Arizona,192071,6167681,31.14,0,0,0,0,283250.7,45925,88.2
2007,Arkansas,169824,2848650,59.62,0,0,0,0,107606.1,37774,52.5
2007,California,855943,36250311,23.61,1,0,0,0,2041192.2,56308,94.4
2007,Colorado,221737,4803868,46.16,0,0,1,0.208165587,266887.5,55557,84.5
2007,Connecticut,116112,3527270,32.92,1,0,0,0,257953,73131,87.7
2007,Delaware,15912,871749,18.25,1,0,0,0,60477.9,69375,80.1
2007,District of Columbia,136,574404,0.24,1,0,0,0,102738.7,178861,100
2007,Florida,426180,18367842,23.2,0,0,0,0,850048.6,46279,89.3
2007,Georgia,270468,9349988,28.93,0,0,0,0,455904,48760,71.6
2007,Hawaii,6521,1315675,4.96,1,0,0,0,70080.4,53266,91.5
2007,Idaho,93897,1505105,62.39,0,0,0,0,58670.9,38981,66.4
2007,Illinois,536975,12695866,42.3,1,0,0,0,712619.8,56130,87.8
2007,Indiana,186864,6379599,29.29,0,0,0,0,304085.7,47665,70.8
2007,Iowa,98888,2999212,32.97,0,0,0,0,152861.8,50967,61.1
2007,Kansas,111502,2783785,40.05,0,0,0,0,137093.6,49247,71.4
2007,Kentucky,1587850,4256672,373.03,0,0,0,0,174407.3,40973,55.8
2007,Louisiana,208201,4375581,47.58,0,0,0,0,230367.7,52648,72.6
2007,Maine,51279,1327040,38.64,1,0,0,0,55359.9,41717,40.2
2007,Maryland,80249,5653408,14.19,1,0,0,0,306755.8,54260,86.1
2007,Massachusetts,165446,6431559,25.72,1,0,0,0,406421.2,63192,91.4
2007,Michigan,311851,10001284,31.18,1,0,1,0.099987162,446943.2,44689,74.7
2007,Minnesota,248086,5207203,47.64,1,0,0,0,286299.2,54981,70.9
2007,Mississippi,175298,2928350,59.86,0,0,0,0,100211.8,34221,48.8
2007,Missouri,274085,5887612,46.55,0,0,0,0,267691.2,45467,69.4
2007,Montana,90355,964706,93.66,0,0,0,0,40438.3,41918,54.1
2007,Nebraska,52042,1783440,29.18,0,0,1,0.560714126,93910.8,52657,69.8
2007,Nevada,70276,2601072,27.02,0,0,1,0.38445687,144107.1,55403,91.5
2007,New Hampshire,65110,1312540,49.61,1,0,0,0,66853.6,50935,59.3
2007,New Jersey,36412,8677885,4.2,1,0,0,0,520898.3,60026,94.4
2007,New Mexico,93304,1990070,46.88,0,0,0,0,86738.8,43586,75
2007,New York,212174,19132335,11.09,1,0,0,0,1208564.6,63169,87.5
2007,North Carolina,289215,9118037,31.72,0,0,0,0,438960.1,48142,60.2
2007,North Dakota,42311,652822,64.81,0,0,0,0,32022.2,49052,55.9
2007,Ohio,326114,11500468,28.36,0,0,1,0.086952983,546729.3,47540,77.4
2007,Oklahoma,189081,3634349,52.03,0,0,0,0,156219.5,42984,65.3
2007,Oregon,162629,3722417,43.69,1,0,1,0.268642659,168975.1,45394,78.7
2007,Pennsylvania,562603,12563937,44.78,1,0,0,0,617309.9,49133,77.1
2007,Rhode Island,10222,1057315,9.67,1,0,0,0,51469.1,48679,90.9
2007,South Carolina,150133,4444110,33.78,0,0,0,0,178474.6,40160,60.5
2007,South Dakota,54013,791623,68.23,0,0,0,0,37755.9,47694,51.9
2007,Tennessee,241741,6175727,39.14,0,0,0,0,273224,44242,63.6
2007,Texas,783596,23831983,32.88,0,0,0,0,1286192.7,53969,82.5
2007,Utah,127051,2597746,48.91,0,0,1,0.384949106,123835.3,47670,88.2
2007,Vermont,19951,623481,32,1,0,0,0,26886.7,43124,38.2
2007,Virginia,241538,7751000,31.16,0,0,1,0.129015611,424939.5,54824,73
2007,Washington,276156,6461587,42.74,1,0,1,0.154760742,373180.6,57754,82
2007,West Virginia,132396,1834052,72.19,0,0,0,0,67119.1,36596,46.1
2007,Wisconsin,180607,5610775,32.19,1,0,1,0.178228498,269933.6,48110,68.3
2007,Wyoming,42770,534876,79.96,0,0,0,0,40632.2,75966,65.1
2006,Alabama,243176,4628981,52.53,0,0,0,0,187270.8,40456,55.4
2006,Alaska,47037,675302,69.65,0,0,0,0,49190.2,72842,65.6
2006,Arizona,204178,6029141,33.87,0,0,0,0,274179.4,45476,88.2
2006,Arkansas,170129,2821761,60.29,0,0,0,0,108460.6,38437,52.5
2006,California,617820,36021202,17.15,1,0,1,0.027761428,2002437.4,55591,94.4
2006,Colorado,214749,4720423,45.49,0,0,0,0,257430.2,54535,84.5
2006,Connecticut,97616,3517460,27.75,1,0,0,0,248233.8,70572,87.7
2006,Delaware,16698,859268,19.43,1,0,0,0,60624.3,70553,80.1
2006,District of Columbia,252,570681,0.44,1,0,0,0,99805.5,174888,100
2006,Florida,411728,18166990,22.66,0,0,0,0,839963.8,46236,89.3
2006,Georgia,311901,9155813,34.07,0,0,0,0,453032.1,49480,71.6
2006,Hawaii,7588,1309731,5.79,1,0,0,0,68759.3,52499,91.5
2006,Idaho,91018,1468669,61.97,0,0,0,0,57613.7,39229,66.4
2006,Illinois,527698,12643955,41.74,1,0,0,0,704827.6,55744,87.8
2006,Indiana,185655,6332669,29.32,0,0,0,0,296112.7,46760,70.8
2006,Iowa,101430,2982644,34.01,0,0,0,0,146555.3,49136,61.1
2006,Kansas,109143,2762931,39.5,0,0,0,0,130364.5,47183,71.4
2006,Kentucky,791599,4219239,187.62,0,0,0,0,175657.7,41633,55.8
2006,Louisiana,212176,4302665,49.31,0,0,0,0,245500.2,57058,72.6
2006,Maine,53106,1323619,40.12,1,0,0,0,55448.4,41892,40.2
2006,Maryland,82207,5627367,14.61,1,0,0,0,305794.1,54341,86.1
2006,Massachusetts,137148,6410084,21.4,1,0,0,0,395535.8,61705,91.4
2006,Michigan,332428,10036081,33.12,1,0,0,0,449853.5,44824,74.7
2006,Minnesota,244712,5163555,47.39,1,0,0,0,284382,55075,70.9
2006,Mississippi,179087,2904978,61.65,0,0,0,0,99005.8,34081,48.8
2006,Missouri,230374,5842704,39.43,0,0,0,0,267221.1,45736,69.4
2006,Montana,87770,952692,92.13,0,0,0,0,38577.6,40493,54.1
2006,Nebraska,51221,1772693,28.89,0,0,0,0,91832.7,51804,69.8
2006,Nevada,72963,2522658,28.92,0,0,0,0,142967.1,56673,91.5
2006,New Hampshire,63159,1308389,48.27,1,0,0,0,66628.2,50924,59.3
2006,New Jersey,37318,8661679,4.31,1,0,0,0,516681.4,59651,94.4
2006,New Mexico,90321,1962137,46.03,0,0,0,0,86058.4,43860,75
2006,New York,199015,19104631,10.42,1,0,0,0,1199276.9,62774,87.5
2006,North Carolina,290024,8917270,32.52,0,0,1,0.112141945,434209.2,48693,60.2
2006,North Dakota,39436,649422,60.72,0,0,0,0,30590.1,47104,55.9
2006,Ohio,325132,11481213,28.32,0,0,0,0,545504.1,47513,77.4
2006,Oklahoma,190741,3594090,53.07,0,0,0,0,152857.7,42530,65.3
2006,Oregon,163705,3670883,44.6,1,0,0,0,166107.2,45250,78.7
2006,Pennsylvania,520454,12510809,41.6,1,0,2,0.159861764,597219.2,47736,77.1
2006,Rhode Island,9936,1063096,9.35,1,0,0,0,52899.6,49760,90.9
2006,South Carolina,148604,4357847,34.1,0,0,0,0,173370.9,39784,60.5
2006,South Dakota,52675,783033,67.27,0,0,0,0,36350.8,46423,51.9
2006,Tennessee,258500,6088766,42.46,0,0,0,0,274879.2,45145,63.6
2006,Texas,770236,23359580,32.97,0,0,0,0,1228547.3,52593,82.5
2006,Utah,106653,2525507,42.23,0,0,0,0,118482.3,46914,88.2
2006,Vermont,20713,622892,33.25,1,0,1,1.605414743,27128.8,43553,38.2
2006,Virginia,238862,7673725,31.13,0,0,0,0,419870.6,54715,73
2006,Washington,255387,6370753,40.09,1,0,1,0.156967316,353263.5,55451,82
2006,West Virginia,137925,1827912,75.45,0,0,0,0,66861.4,36578,46.1
2006,Wisconsin,189228,5577655,33.93,1,0,0,0,268246.4,48093,68.3
2006,Wyoming,42376,522667,81.08,0,0,0,0,37813.4,72347,65.1
2005,Alabama,235873,4569805,51.62,0,0,0,0,184369.5,40345,55.4
2005,Alaska,44514,666946,66.74,0,0,0,0,45657.1,68457,65.6
2005,Arizona,176649,5839077,30.25,0,0,0,0,262326,44926,88.2
2005,Arkansas,164001,2781097,58.97,0,0,0,0,105980,38107,52.5
2005,California,611022,35827943,17.05,1,0,0,0,1926842.1,53780,94.4
2005,Colorado,206287,4631888,44.54,0,0,0,0,251558.4,54310,84.5
2005,Connecticut,97599,3506956,27.83,1,0,0,0,238549.5,68022,87.7
2005,Delaware,17121,845150,20.26,1,0,0,0,59335.1,70207,80.1
2005,District of Columbia,20,567136,0.04,1,0,0,0,99480.7,175409,100
2005,Florida,370645,17842038,20.77,0,0,0,0,815755.8,45721,89.3
2005,Georgia,257815,8925922,28.88,0,0,0,0,447152.9,50096,71.6
2005,Hawaii,7575,1292729,5.86,1,0,0,0,67123.9,51924,91.5
2005,Idaho,80343,1428241,56.25,0,0,0,0,56043,39239,66.4
2005,Illinois,527134,12609903,41.8,1,0,0,0,687706.6,54537,87.8
2005,Indiana,172249,6278616,27.43,0,0,0,0,290328.2,46241,70.8
2005,Iowa,100344,2964454,33.85,0,0,0,0,144577.3,48770,61.1
2005,Kansas,98311,2745299,35.81,0,0,0,0,123949.8,45150,71.4
2005,Kentucky,232589,4182742,55.61,0,0,0,0,171180.3,40925,55.8
2005,Louisiana,207954,4576628,45.44,0,0,0,0,247773.2,54139,72.6
2005,Maine,50319,1318787,38.16,1,0,0,0,54926.9,41650,40.2
2005,Maryland,80947,5592379,14.47,1,0,0,0,301660.6,53941,86.1
2005,Massachusetts,105347,6403290,16.45,1,0,0,0,386803.5,60407,91.4
2005,Michigan,337035,10051137,33.53,1,0,0,0,457137.7,45481,74.7
2005,Minnesota,224165,5119598,43.79,1,0,1,0.195327836,284636.9,55598,70.9
2005,Mississippi,167713,2905943,57.71,0,0,0,0,96820.7,33318,48.8
2005,Missouri,214241,5790300,37,0,0,0,0,265735.1,45893,69.4
2005,Montana,84060,940102,89.42,0,0,0,0,37373.9,39755,54.1
2005,Nebraska,48172,1761497,27.35,0,0,0,0,89309.1,50701,69.8
2005,Nevada,62727,2432143,25.79,0,0,0,0,137508.8,56538,91.5
2005,New Hampshire,55761,1298492,42.94,1,0,0,0,65034.4,50085,59.3
2005,New Jersey,36582,8651974,4.23,1,0,0,0,507894.7,58703,94.4
2005,New Mexico,82051,1932274,42.46,0,0,0,0,84034.4,43490,75
2005,New York,158781,19132610,8.3,1,0,0,0,1168891.1,61094,87.5
2005,North Carolina,271527,8705407,31.19,0,0,0,0,409003.9,46983,60.2
2005,North Dakota,36000,646089,55.72,0,0,0,0,29345.2,45420,55.9
2005,Ohio,313159,11463320,27.32,0,0,0,0,545968.7,47627,77.4
2005,Oklahoma,182031,3548597,51.3,0,0,0,0,143471.1,40430,65.3
2005,Oregon,158045,3613202,43.74,1,0,0,0,158163.4,43774,78.7
2005,Pennsylvania,482977,12449990,38.79,1,0,0,0,594855.1,47780,77.1
2005,Rhode Island,9649,1067916,9.04,1,0,0,0,51369.7,48103,90.9
2005,South Carolina,141811,4270150,33.21,0,0,0,0,169488.5,39691,60.5
2005,South Dakota,50768,775493,65.47,0,0,0,0,35842.2,46219,51.9
2005,Tennessee,253450,5991057,42.3,0,0,0,0,268391.7,44799,63.6
2005,Texas,738793,22778123,32.43,0,0,1,0.043901774,1141373.7,50108,82.5
2005,Utah,88981,2457719,36.2,0,0,0,0,110046.4,44776,88.2
2005,Vermont,18607,621215,29.95,1,0,0,0,26995.6,43456,38.2
2005,Virginia,221725,7577105,29.26,0,0,0,0,412084.6,54385,73
2005,Washington,219559,6257305,35.09,1,0,0,0,340428,54405,82
2005,West Virginia,133667,1820492,73.42,0,0,0,0,65678.4,36077,46.1
2005,Wisconsin,183013,5546166,33,1,0,1,0.180304737,263698.6,47546,68.3
2005,Wyoming,37911,514157,73.73,0,0,0,0,33484,65124,65.1
2004,Alabama,229997,4530729,50.76,0,0,0,0,176625,38984,55.4
2004,Alaska,40504,659286,61.44,0,0,0,0,44055,66822,65.6
2004,Arizona,155719,5652404,27.55,0,0,0,0,244317.3,43224,88.2
2004,Arkansas,158366,2749686,57.59,0,0,0,0,101733.6,36998,52.5
2004,California,548843,35574576,15.43,1,0,0,0,1850904.5,52029,94.4
2004,Colorado,194191,4575013,42.45,0,0,0,0,240747.6,52622,84.5
2004,Connecticut,100916,3496094,28.87,1,0,0,0,233426.5,66768,87.7
2004,Delaware,16424,830803,19.77,1,0,0,0,60069.9,72303,80.1
2004,District of Columbia,14,567754,0.02,1,0,0,0,97463.5,171665,100
2004,Florida,318024,17415318,18.26,0,0,0,0,769140.5,44165,89.3
2004,Georgia,232203,8769252,26.48,0,0,0,0,428555.2,48870,71.6
2004,Hawaii,7298,1273569,5.73,1,0,0,0,63318.1,49717,91.5
2004,Idaho,75553,1391802,54.28,0,0,0,0,51815.1,37229,66.4
2004,Illinois,590417,12589773,46.9,1,0,0,0,676805.9,53758,87.8
2004,Indiana,176520,6233007,28.32,0,0,0,0,287655.9,46150,70.8
2004,Iowa,98517,2953635,33.35,0,0,0,0,139978.1,47392,61.1
2004,Kansas,99007,2734373,36.21,0,0,0,0,119391.6,43663,71.4
2004,Kentucky,234974,4146101,56.67,0,0,0,0,164650.2,39712,55.8
2004,Louisiana,172421,4552238,37.88,0,0,0,0,232712.8,51121,72.6
2004,Maine,52665,1313688,40.09,1,0,0,0,54256,41301,40.2
2004,Maryland,77481,5546935,13.97,1,0,0,0,290284.6,52332,86.1
2004,Massachusetts,112996,6412281,17.62,1,0,0,0,379086.1,59119,91.4
2004,Michigan,342418,10055315,34.05,1,0,0,0,448888.3,44642,74.7
2004,Minnesota,227846,5087713,44.78,1,0,0,0,275560.1,54162,70.9
2004,Mississippi,152294,2889010,52.71,0,0,0,0,94482.6,32704,48.8
2004,Missouri,209316,5747741,36.42,0,0,0,0,259741.4,45190,69.4
2004,Montana,83545,930009,89.83,0,0,0,0,35528.6,38202,54.1
2004,Nebraska,48436,1749370,27.69,0,0,0,0,85987.1,49153,69.8
2004,Nevada,54754,2346222,23.34,0,0,0,0,127325.6,54268,91.5
2004,New Hampshire,56791,1290121,44.02,1,0,0,0,64408.6,49924,59.3
2004,New Jersey,37376,8634561,4.33,1,0,0,0,498245.2,57704,94.4
2004,New Mexico,81546,1903808,42.83,0,0,0,0,83038.7,43617,75
2004,New York,160222,19171567,8.36,1,0,0,0,1144125.1,59678,87.5
2004,North Carolina,276480,8553152,32.32,0,0,0,0,389210.1,45505,60.2
2004,North Dakota,34690,644705,53.81,0,0,0,0,28284.1,43871,55.9
2004,Ohio,327040,11452251,28.56,0,0,1,0.087319078,534064.6,46634,77.4
2004,Oklahoma,173188,3525233,49.13,0,0,0,0,138096.8,39174,65.3
2004,Oregon,149688,3569463,41.94,1,0,0,0,152001.1,42584,78.7
2004,Pennsylvania,504813,12410722,40.68,1,0,0,0,584328.3,47083,77.1
2004,Rhode Island,10054,1074579,9.36,1,0,0,0,50513.8,47008,90.9
2004,South Carolina,124153,4210921,29.48,0,0,0,0,164083.4,38966,60.5
2004,South Dakota,50323,770396,65.32,0,0,0,0,34269.6,44483,51.9
2004,Tennessee,229401,5910809,38.81,0,0,0,0,260553.5,44081,63.6
2004,Texas,672995,22394023,30.05,0,0,0,0,1109477,49543,82.5
2004,Utah,79967,2401580,33.3,0,0,0,0,102846.7,42825,88.2
2004,Vermont,19490,619920,31.44,1,0,0,0,26855.2,43320,38.2
2004,Virginia,213062,7475575,28.5,0,0,0,0,392941.3,52563,73
2004,Washington,203432,6178645,32.93,1,0,0,0,319848.9,51767,82
2004,West Virginia,132846,1816438,73.14,0,0,0,0,64159.8,35322,46.1
2004,Wisconsin,187097,5514026,33.93,1,0,1,0.181355692,256167.4,46457,68.3
2004,Wyoming,35427,509106,69.59,0,0,0,0,31695.7,62258,65.1
2003,Alabama,225479,4503491,50.07,0,0,0,0,165134.7,36668,55.4
2003,Alaska,37059,648414,57.15,0,0,0,0,42355.3,65321,65.6
2003,Arizona,145719,5510364,26.44,0,0,0,0,234065.9,42477,88.2
2003,Arkansas,150249,2724816,55.14,0,0,0,0,96944.5,35578,52.5
2003,California,524431,35253159,14.88,1,0,0,0,1789998.5,50776,94.4
2003,Colorado,181257,4528732,40.02,0,0,0,0,237782.3,52505,84.5
2003,Connecticut,100567,3484336,28.86,1,0,0,0,219186,62906,87.7
2003,Delaware,16361,818003,20,1,0,0,0,57300,70049,80.1
2003,District of Columbia,11,568502,0.02,1,0,0,0,92921,163449,100
2003,Florida,298181,17004085,17.54,0,0,0,0,722374.5,42482,89.3
2003,Georgia,282218,8622793,32.73,0,0,0,0,411685.6,47744,71.6
2003,Hawaii,7439,1251154,5.95,1,0,0,0,59978.8,47939,91.5
2003,Idaho,74669,1363380,54.77,0,0,0,0,48593.7,35642,66.4
2003,Illinois,515917,12556006,41.09,1,0,1,0.07964316,658317.3,52430,87.8
2003,Indiana,183853,6196638,29.67,0,0,0,0,277151.6,44726,70.8
2003,Iowa,95127,2941999,32.33,1,0,0,0,128962.3,43835,61.1
2003,Kansas,97365,2723004,35.76,0,0,0,0,118192.5,43405,71.4
2003,Kentucky,226869,4117170,55.1,0,0,0,0,159990.8,38859,55.8
2003,Louisiana,175693,4521042,38.86,0,0,0,0,221774.4,49054,72.6
2003,Maine,50897,1306513,38.96,1,0,0,0,52209.8,39961,40.2
2003,Maryland,78270,5496269,14.24,1,0,0,0,278332,50640,86.1
2003,Massachusetts,131395,6422565,20.46,1,0,0,0,369007.4,57455,91.4
2003,Michigan,342161,10041152,34.08,1,0,0,0,443652.2,44183,74.7
2003,Minnesota,229728,5053572,45.46,1,0,0,0,264165.9,52273,70.9
2003,Mississippi,150877,2868312,52.6,0,0,1,0.348637108,92354.7,32198,48.8
2003,Missouri,202865,5709403,35.53,0,0,0,0,252677.3,44256,69.4
2003,Montana,80786,919630,87.85,0,0,0,0,33810.5,36765,54.1
2003,Nebraska,44758,1738643,25.74,0,0,0,0,83773.3,48183,69.8
2003,Nevada,49432,2248850,21.98,0,0,0,0,115275.4,51260,91.5
2003,New Hampshire,54724,1279840,42.76,0,0,0,0,61892.7,48360,59.3
2003,New Jersey,41733,8601402,4.85,1,0,0,0,494703.5,57514,94.4
2003,New Mexico,79140,1877574,42.15,1,0,0,0,76767.5,40887,75
2003,New York,150831,19175939,7.87,1,0,0,0,1110613.1,57917,87.5
2003,North Carolina,264488,8422501,31.4,0,0,0,0,373987.6,44403,60.2
2003,North Dakota,33393,638817,52.27,0,0,0,0,27870.4,43628,55.9
2003,Ohio,298632,11434788,26.12,0,0,1,0.08745243,519939.4,45470,77.4
2003,Oklahoma,167551,3504892,47.8,0,0,0,0,133417.2,38066,65.3
2003,Oregon,142960,3547376,40.3,1,0,0,0,144802.8,40820,78.7
2003,Pennsylvania,515896,12374658,41.69,1,0,0,0,568242.4,45920,77.1
2003,Rhode Island,9660,1071342,9.02,1,0,0,0,48571.1,45337,90.9
2003,South Carolina,121352,4150297,29.24,0,0,0,0,161269.3,38857,60.5
2003,South Dakota,47683,763729,62.43,0,0,0,0,32979.1,43182,51.9
2003,Tennessee,219783,5847812,37.58,0,0,0,0,248993.8,42579,63.6
2003,Texas,688275,22030931,31.24,0,0,0,0,1050609.4,47688,82.5
2003,Utah,70507,2360137,29.87,0,0,0,0,97017.3,41107,88.2
2003,Vermont,19971,617858,32.32,1,0,0,0,25464.9,41215,38.2
2003,Virginia,200270,7366977,27.18,0,0,0,0,377723.8,51273,73
2003,Washington,213916,6104115,35.04,1,0,0,0,312556.4,51204,82
2003,West Virginia,131777,1812295,72.71,0,0,0,0,63145.5,34843,46.1
2003,Wisconsin,188594,5479203,34.42,1,0,0,0,247766.1,45219,68.3
2003,Wyoming,33184,503453,65.91,0,0,0,0,30673.2,60926,65.1
2002,Alabama,221008,4480089,49.33,0,0,0,0,160422.4,35808,55.4
2002,Alaska,36793,642337,57.28,0,0,0,0,42979,66910,65.6
2002,Arizona,142260,5396255,26.36,0,0,1,0.185313704,220696.7,40898,88.2
2002,Arkansas,153424,2705927,56.7,0,0,0,0,92950.5,34351,52.5
2002,California,684390,34871843,19.63,1,0,0,0,1722522.4,49396,94.4
2002,Colorado,183754,4490406,40.92,0,0,0,0,235417.3,52427,84.5
2002,Connecticut,93598,3458749,27.06,1,0,0,0,216677.7,62646,87.7
2002,Delaware,16388,806169,20.33,1,0,0,0,56534.5,70127,80.1
2002,District of Columbia,7,573158,0.01,1,0,0,0,91141.5,159016,100
2002,Florida,288848,16689370,17.31,0,0,0,0,689974,41342,89.3
2002,Georgia,285201,8508256,33.52,0,0,0,0,399413.4,46944,71.6
2002,Hawaii,7807,1239613,6.3,1,0,0,0,56990.8,45975,91.5
2002,Idaho,74062,1340372,55.25,0,0,0,0,47056.8,35107,66.4
2002,Illinois,446138,12525556,35.62,1,0,0,0,647517.8,51696,87.8
2002,Indiana,188235,6155967,30.58,0,0,0,0,265345.1,43104,70.8
2002,Iowa,90358,2934234,30.79,1,0,0,0,123298.2,42021,61.1
2002,Kansas,94110,2713535,34.68,0,0,0,0,116195,42821,71.4
2002,Kentucky,229423,4089875,56.1,0,0,0,0,155643.9,38056,55.8
2002,Louisiana,169580,4497267,37.71,0,0,0,0,213079.4,47380,72.6
2002,Maine,49922,1295960,38.52,1,0,0,0,50910.4,39284,40.2
2002,Maryland,78764,5440389,14.48,1,0,0,0,270468.4,49715,86.1
2002,Massachusetts,94824,6417206,14.78,1,0,0,0,362581.6,56501,91.4
2002,Michigan,353540,10015710,35.3,1,0,0,0,436802.2,43612,74.7
2002,Minnesota,192392,5018935,38.33,1,0,0,0,253478.4,50504,70.9
2002,Mississippi,149948,2858681,52.45,0,0,0,0,88569.4,30983,48.8
2002,Missouri,197990,5674825,34.89,0,0,0,0,247437.1,43603,69.4
2002,Montana,76322,911667,83.72,0,0,0,0,32503.7,35653,54.1
2002,Nebraska,43177,1728292,24.98,0,0,0,0,79179.8,45814,69.8
2002,Nevada,47155,2173791,21.69,0,0,0,0,110448.6,50809,91.5
2002,New Hampshire,49666,1269089,39.14,0,0,0,0,59474.6,46864,59.3
2002,New Jersey,43318,8552643,5.06,1,0,0,0,484657.1,56668,94.4
2002,New Mexico,80057,1855309,43.15,1,0,0,0,73909.6,39837,75
2002,New York,160927,19137800,8.41,1,0,0,0,1106150.8,57799,87.5
2002,North Carolina,268916,8326201,32.3,0,0,0,0,364870.4,43822,60.2
2002,North Dakota,31339,638168,49.11,0,0,0,0,26290.8,41197,55.9
2002,Ohio,297033,11407889,26.04,0,0,0,0,513215.5,44988,77.4
2002,Oklahoma,159489,3489080,45.71,0,0,0,0,131293.3,37630,65.3
2002,Oregon,137513,3513424,39.14,1,0,0,0,138932.5,39543,78.7
2002,Pennsylvania,567702,12331031,46.04,1,0,0,0,555055.9,45013,77.1
2002,Rhode Island,9521,1065995,8.93,1,0,0,0,47224.5,44301,90.9
2002,South Carolina,121976,4107795,29.69,0,0,0,0,155275.1,37800,60.5
2002,South Dakota,44282,760020,58.26,0,0,0,0,32784.9,43137,51.9
2002,Tennessee,223048,5795918,38.48,0,0,0,0,240971.7,41576,63.6
2002,Texas,664745,21690325,30.65,0,0,0,0,1043566.9,48112,82.5
2002,Utah,61710,2324815,26.54,0,0,0,0,95383.1,41028,88.2
2002,Vermont,20483,615442,33.28,1,0,0,0,24570.1,39923,38.2
2002,Virginia,191789,7286873,26.32,0,0,1,0.137233077,364932.4,50081,73
2002,Washington,193439,6052349,31.96,1,0,0,0,307583.2,50820,82
2002,West Virginia,134846,1805414,74.69,0,0,0,0,62834.1,34803,46.1
2002,Wisconsin,173779,5445162,31.91,1,0,0,0,240543.3,44176,68.3
2002,Wyoming,33585,500017,67.17,0,0,0,0,29777.1,59552,65.1
2001,Alabama,230187,4467634,51.52,0,0,0,0,156853.2,35109,55.4
2001,Alaska,39959,633714,63.06,0,0,0,0,40958.7,64633,65.6
2001,Arizona,147582,5273477,27.99,0,0,0,0,213166.2,40422,88.2
2001,Arkansas,166062,2691571,61.7,0,0,0,0,89789,33359,52.5
2001,California,854569,34479458,24.78,1,0,1,0.029002776,1692324.1,49082,94.4
2001,Colorado,348696,4425687,78.79,0,0,0,0,234979.4,53094,84.5
2001,Connecticut,89689,3432835,26.13,1,0,0,0,218135.3,63544,87.7
2001,Delaware,16619,795699,20.89,1,0,0,0,58372.7,73360,80.1
2001,District of Columbia,17,574504,0.03,1,0,0,0,88440.7,153943,100
2001,Florida,303396,16356966,18.55,0,0,0,0,660659.5,40390,89.3
2001,Georgia,325521,8377038,38.86,0,0,0,0,394317.3,47071,71.6
2001,Hawaii,7464,1225948,6.09,1,0,0,0,55678.5,45417,91.5
2001,Idaho,75400,1319962,57.12,0,0,0,0,46084.5,34914,66.4
2001,Illinois,462702,12488445,37.05,1,0,1,0.08007402,642292.5,51431,87.8
2001,Indiana,195780,6127760,31.95,0,0,0,0,259474.8,42344,70.8
2001,Iowa,89658,2931997,30.58,1,0,0,0,120449.8,41081,61.1
2001,Kansas,95408,2702162,35.31,0,0,0,0,114327.7,42310,71.4
2001,Kentucky,238996,4068132,58.75,0,0,0,0,151834.3,37323,55.8
2001,Louisiana,177775,4477875,39.7,0,0,0,0,208617.8,46589,72.6
2001,Maine,50019,1285692,38.9,1,0,0,0,49471,38478,40.2
2001,Maryland,83347,5374691,15.51,1,0,0,0,261532.9,48660,86.1
2001,Massachusetts,66635,6397634,10.42,1,0,0,0,362663.8,56687,91.4
2001,Michigan,363424,9991120,36.37,1,0,0,0,425103.2,42548,74.7
2001,Minnesota,191935,4982796,38.52,1,0,0,0,247599.4,49691,70.9
2001,Mississippi,159421,2852994,55.88,0,0,0,0,87309.5,30603,48.8
2001,Missouri,199470,5641142,35.36,0,0,0,0,243060.4,43087,69.4
2001,Montana,74752,906961,82.42,0,0,0,0,31532.6,34767,54.1
2001,Nebraska,44401,1719836,25.82,0,0,0,0,78180.9,45458,69.8
2001,Nevada,50549,2098399,24.09,0,0,0,0,106635.3,50817,91.5
2001,New Hampshire,45727,1255517,36.42,0,0,0,0,57632.6,45903,59.3
2001,New Jersey,39527,8492671,4.65,1,0,0,0,476616.7,56121,94.4
2001,New Mexico,84874,1831690,46.34,1,0,0,0,71730.5,39161,75
2001,New York,175967,19082838,9.22,1,0,0,0,1112794.4,58314,87.5
2001,North Carolina,289571,8210122,35.27,0,0,0,0,359617,43802,60.2
2001,North Dakota,32105,639062,50.24,0,0,0,0,24909.9,38979,55.9
2001,Ohio,292159,11387404,25.66,0,0,0,0,502967.6,44169,77.4
2001,Oklahoma,164126,3467100,47.34,0,0,0,0,128891.2,37176,65.3
2001,Oregon,141295,3467937,40.74,1,0,0,0,136166.1,39264,78.7
2001,Pennsylvania,509881,12298970,41.46,1,0,0,0,547260.9,44496,77.1
2001,Rhode Island,10233,1057142,9.68,1,0,0,0,45749.8,43277,90.9
2001,South Carolina,132781,4064995,32.66,0,0,0,0,151015.9,37150,60.5
2001,South Dakota,40861,757972,53.91,0,0,0,0,29455.2,38861,51.9
2001,Tennessee,230779,5750789,40.13,0,0,0,0,233362.5,40579,63.6
2001,Texas,672746,21319622,31.56,0,0,0,0,1020537.8,47868,82.5
2001,Utah,67518,2283715,29.56,0,0,0,0,93556.7,40967,88.2
2001,Vermont,20657,612223,33.74,1,0,0,0,23752.4,38797,38.2
2001,Virginia,196181,7198362,27.25,0,0,0,0,360601.1,50095,73
2001,Washington,161380,5985722,26.96,1,0,0,0,303673.8,50733,82
2001,West Virginia,138421,1801481,76.84,0,0,0,0,61818.6,34315,46.1
2001,Wisconsin,181798,5406835,33.62,1,0,0,0,236088.7,43665,68.3
2001,Wyoming,34454,494657,69.65,0,0,0,0,29130.5,58890,65.1
2000,Alabama,221911,4452173,49.84,0,1,0,0,157221.3,35313,55.4
2000,Alaska,39959,627963,63.63,0,1,0,0,39406.6,62753,65.6
2000,Arizona,148263,5160586,28.73,0,1,0,0,208439.5,40391,88.2
2000,Arkansas,169628,2678588,63.33,0,1,0,0,89871.7,33552,52.5
2000,California,794506,33987977,23.38,1,1,0,0,1696172.4,49905,94.4
2000,Colorado,307512,4326921,71.07,0,1,0,0,231589.8,53523,84.5
2000,Connecticut,87586,3411777,25.67,1,1,0,0,216157.6,63356,87.7
2000,Delaware,15347,786373,19.52,1,1,0,0,56550.2,71913,80.1
2000,District of Columbia,17,572046,0.03,1,1,0,0,85355.9,149212,100
2000,Florida,266035,16047515,16.58,0,1,0,0,642708.2,40050,89.3
2000,Georgia,352357,8227303,42.83,0,1,0,0,389727.3,47370,71.6
2000,Hawaii,6609,1213519,5.45,1,1,0,0,55891.1,46057,91.5
2000,Idaho,77138,1299430,59.36,0,1,0,0,47295.4,36397,66.4
2000,Illinois,449771,12434161,36.17,1,1,0,0,640723.4,51529,87.8
2000,Indiana,182319,6091866,29.93,0,1,0,0,264121.7,43356,70.8
2000,Iowa,87796,2929067,29.97,1,1,0,0,121924.2,41626,61.1
2000,Kansas,96716,2693681,35.9,0,1,0,0,114030.5,42333,71.4
2000,Kentucky,229896,4049021,56.78,0,1,0,0,151495.1,37415,55.8
2000,Louisiana,174706,4471885,39.07,0,1,0,0,205722.6,46004,72.6
2000,Maine,45028,1277072,35.26,1,1,0,0,48490.2,37970,40.2
2000,Maryland,84309,5311034,15.87,1,1,0,0,250771.7,47217,86.1
2000,Massachusetts,54843,6361104,8.62,1,1,1,0.157205416,358121.5,56299,91.4
2000,Michigan,300661,9952450,30.21,1,1,0,0,438463.8,44056,74.7
2000,Minnesota,185100,4933692,37.52,1,1,0,0,247802.6,50227,70.9
2000,Mississippi,163980,2848353,57.57,0,1,0,0,88077.5,30922,48.8
2000,Missouri,191578,5607285,34.17,0,1,0,0,244705.9,43641,69.4
2000,Montana,71115,903773,78.69,0,1,0,0,31241.1,34567,54.1
2000,Nebraska,44825,1713820,26.16,0,1,0,0,76368.1,44560,69.8
2000,Nevada,49807,2018741,24.67,0,1,0,0,105635.4,52327,91.5
2000,New Hampshire,40120,1239882,32.36,0,1,0,0,56779.4,45794,59.3
2000,New Jersey,37106,8430621,4.4,1,1,0,0,471426.9,55918,94.4
2000,New Mexico,84034,1821204,46.14,1,1,0,0,71652.8,39344,75
2000,New York,163974,19001780,8.63,1,1,0,0,1092188.2,57478,87.5
2000,North Carolina,290884,8081614,35.99,0,1,0,0,356912.5,44164,60.2
2000,North Dakota,32358,642023,50.4,0,1,0,0,24706,38481,55.9
2000,Ohio,274165,11363543,24.13,0,1,0,0,509949.2,44876,77.4
2000,Oklahoma,156988,3454365,45.45,0,1,0,0,124227.6,35962,65.3
2000,Oregon,135336,3429708,39.46,1,1,0,0,137400.6,40062,78.7
2000,Pennsylvania,481294,12284173,39.18,1,1,0,0,538790.2,43861,77.1
2000,Rhode Island,9414,1050268,8.96,1,1,0,0,45178.6,43016,90.9
2000,South Carolina,128618,4024223,31.96,0,1,0,0,150156.4,37313,60.5
2000,South Dakota,36723,755844,48.59,0,1,0,0,29386.1,38879,51.9
2000,Tennessee,234673,5703719,41.14,0,1,0,0,233732.2,40979,63.6
2000,Texas,662970,20944499,31.65,0,1,0,0,995661.2,47538,82.5
2000,Utah,67420,2244502,30.04,0,1,0,0,92498.4,41211,88.2
2000,Vermont,20300,609618,33.3,1,1,0,0,23016.8,37756,38.2
2000,Virginia,188508,7105817,26.53,0,1,0,0,348327,49020,73
2000,Washington,134255,5910512,22.71,1,1,0,0,311209.9,52654,82
2000,West Virginia,128258,1807021,70.98,0,1,0,0,61665.7,34126,46.1
2000,Wisconsin,180492,5373999,33.59,1,1,0,0,232411.7,43247,68.3
2000,Wyoming,34295,494300,69.38,0,1,0,0,27435,55503,65.1
1999,Alabama,246756,4369862,56.47,0,1,0,0,154900.2,35447,55.4
1999,Alaska,43073,619500,69.53,0,1,0,0,40590.5,65521,65.6
1999,Arizona,173548,4778332,36.32,1,1,0,0,198699.9,41584,88.2
1999,Arkansas,184616,2551373,72.36,1,1,0,0,89115.2,34928,52.5
1999,California,883144,33145121,26.64,1,1,0,0,1574305.9,47497,94.4
1999,Colorado,257308,4056133,63.44,0,1,1,0.246540239,215294.6,53079,84.5
1999,Connecticut,87209,3282031,26.57,1,1,0,0,202351.7,61654,87.7
1999,Delaware,17594,753538,23.35,1,1,0,0,54236.7,71976,80.1
1999,District of Columbia,21,572059,0.04,1,1,0,0,84756.2,148160,100
1999,Florida,279700,15111244,18.51,1,1,1,0.066175889,615238.2,40714,89.3
1999,Georgia,409810,7788240,52.62,0,1,2,0.256797428,377127.4,48423,71.6
1999,Hawaii,5343,1185497,4.51,1,1,1,0.843528073,54852.1,46269,91.5
1999,Idaho,79914,1251700,63.84,0,1,0,0,42510.4,33962,66.4
1999,Illinois,484848,12128370,39.98,1,1,0,0,618148.4,50967,87.8
1999,Indiana,203182,5942901,34.19,0,1,0,0,254089.2,42755,70.8
1999,Iowa,92222,2869413,32.14,1,1,0,0,116523,40609,61.1
1999,Kansas,106108,2654052,39.98,0,1,0,0,111005.5,41825,71.4
1999,Kentucky,248212,3960825,62.67,1,1,0,0,155611.5,39288,55.8
1999,Louisiana,196015,4372035,44.83,1,1,0,0,211952.5,48479,72.6
1999,Maine,47160,1253040,37.64,1,1,0,0,46351.4,36991,40.2
1999,Maryland,91381,5171634,17.67,1,1,0,0,240946.2,46590,86.1
1999,Massachusetts,24314,6175169,3.94,1,1,0,0,331602.3,53699,91.4
1999,Michigan,307769,9863775,31.2,1,1,0,0,429936.2,43587,74.7
1999,Minnesota,177929,4775508,37.26,1,1,0,0,232068.1,48595,70.9
1999,Mississippi,182114,2768619,65.78,0,1,0,0,87638,31654,48.8
1999,Missouri,206636,5468338,37.79,1,1,0,0,238452,43606,69.4
1999,Montana,73027,882779,82.72,0,1,0,0,30461.3,34506,54.1
1999,Nebraska,47959,1666028,28.79,0,1,0,0,73625.7,44192,69.8
1999,Nevada,62375,1809253,34.48,1,1,0,0,101394.7,56042,91.5
1999,New Hampshire,37711,1201134,31.4,1,1,0,0,53084.5,44195,59.3
1999,New Jersey,38601,8143412,4.74,1,1,0,0,447872.1,54998,94.4
1999,New Mexico,94406,1739844,54.26,1,1,0,0,70487.9,40514,75
1999,New York,186627,18196601,10.26,1,1,0,0,1051337.6,57777,87.5
1999,North Carolina,309707,7650789,40.48,0,1,0,0,345457.6,45153,60.2
1999,North Dakota,29864,633666,47.13,0,1,0,0,23770.7,37513,55.9
1999,Ohio,297597,11256654,26.44,1,1,0,0,499292.8,44355,77.4
1999,Oklahoma,169436,3358044,50.46,0,1,1,0.297792405,119685.4,35641,65.3
1999,Oregon,160358,3316154,48.36,1,1,0,0,126739.2,38219,78.7
1999,Pennsylvania,541555,11994016,45.15,1,1,0,0,524960.9,43769,77.1
1999,Rhode Island,10677,990819,10.78,1,1,0,0,43144.9,43545,90.9
1999,South Carolina,145493,3885736,37.44,0,1,0,0,146104.4,37600,60.5
1999,South Dakota,31327,733133,42.73,0,1,0,0,27463.4,37460,51.9
1999,Tennessee,264214,5483535,48.18,1,1,0,0,230895.6,42107,63.6
1999,Texas,710025,20044141,35.42,0,1,1,0.049889891,961513.2,47970,82.5
1999,Utah,77718,2129836,36.49,0,1,0,0,89282,41920,88.2
1999,Vermont,22218,593740,37.42,1,1,0,0,21830.2,36767,38.2
1999,Virginia,208554,6872912,30.34,0,1,0,0,332373.3,48360,73
1999,Washington,133674,5756361,23.22,1,1,0,0,308949.5,53671,82
1999,West Virginia,134471,1806928,74.42,1,1,0,0,61783.9,34193,46.1
1999,Wisconsin,179340,5250446,34.16,1,1,0,0,225783.7,43003,68.3
1999,Wyoming,35476,479602,73.97,0,1,0,0,26597.7,55458,65.1
